id,"name_fr","name_nl",commune_id
1,NULL,"Aartselaar",1
2,"Anvers","Antwerpen",2
3,NULL,"Berchem",2
4,NULL,"Berendrecht",2
5,NULL,"Borgerhout",2
6,NULL,"Deurne",2
7,NULL,"Ekeren",2
8,NULL,"Hoboken",2
9,NULL,"Lillo",2
10,NULL,"Merksem",2
11,NULL,"Wilrijk",2
12,NULL,"Zandvliet",2
13,NULL,"Boechout",3
14,NULL,"Vremde",3
15,NULL,"Boom",4
16,NULL,"Borsbeek",5
17,NULL,"Brasschaat",6
18,NULL,"Brecht",7
19,NULL,"Sint-Job-in-'t-Goor",7
20,NULL,"Sint-Lenaarts",7
21,NULL,"Edegem",8
22,NULL,"Essen",9
23,NULL,"Hemiksem",10
24,NULL,"Hove",11
25,NULL,"Kalmthout",12
26,NULL,"Kapellen",13
27,NULL,"Kontich",14
28,NULL,"Waarloos",14
29,NULL,"Lint",15
30,NULL,"Malle",16
31,NULL,"Oostmalle",16
32,NULL,"Westmalle",16
33,NULL,"Mortsel",17
34,NULL,"Niel",18
35,NULL,"Broechem",19
36,NULL,"Emblem",19
37,NULL,"Oelegem",19
38,NULL,"Ranst",19
39,NULL,"Reet",20
40,NULL,"Rumst",20
41,NULL,"Terhagen",20
42,NULL,"Schelle",21
43,NULL,"'s Gravenwezel",22
44,NULL,"Schilde",22
45,NULL,"Schoten",23
46,NULL,"Hoevenen",24
47,NULL,"Stabroek",24
48,NULL,"Wijnegem",25
49,NULL,"Wommelgem",26
50,NULL,"Loenhout",27
51,NULL,"Wuustwezel",27
52,NULL,"Massenhoven",28
53,NULL,"Pulderbos",28
54,NULL,"Pulle",28
55,NULL,"Viersel",28
56,NULL,"Zandhoven",28
57,NULL,"Halle",29
58,NULL,"Zoersel",29
59,NULL,"Burcht",30
60,NULL,"Zwijndrecht",30
61,NULL,"Berlaar",31
62,NULL,"Gestel",31
63,NULL,"Bonheiden",32
64,NULL,"Rijmenam",32
65,NULL,"Bornem",33
66,NULL,"Hingene",33
67,NULL,"Mariekerke",33
68,NULL,"Weert",33
69,NULL,"Duffel",34
70,NULL,"Booischot",35
71,NULL,"Hallaar",35
72,NULL,"Heist-op-den-Berg",35
73,NULL,"Itegem",35
74,NULL,"Schriek",35
75,NULL,"Wiekevorst",35
76,NULL,"Koningshooikt",36
77,"Lierre","Lier",36
78,NULL,"Heffen",37
79,NULL,"Hombeek",37
80,NULL,"Leest",37
81,"Malines","Mechelen",37
82,NULL,"Muizen",37
83,NULL,"Walem",37
84,NULL,"Bevel",38
85,NULL,"Kessel",38
86,NULL,"Nijlen",38
87,NULL,"Beerzel",39
88,NULL,"Putte",39
89,NULL,"Breendonk",40
90,NULL,"Liezele",40
91,NULL,"Puurs",40
92,NULL,"Ruisbroek",40
93,NULL,"Lippelo",41
94,NULL,"Oppuurs",41
95,NULL,"Sint-Amands",41
96,NULL,"Onze-Lieve-Vrouw-Waver",42
97,NULL,"Sint-Katelijne-Waver",42
98,NULL,"Blaasveld",43
99,NULL,"Heindonk",43
100,NULL,"Tisselt",43
101,NULL,"Willebroek",43
102,NULL,"Arendonk",44
103,"Baerle-Duc","Baarle-Hertog",45
104,NULL,"Balen",46
105,NULL,"Olmen",46
106,NULL,"Beerse",47
107,NULL,"Vlimmeren",47
108,NULL,"Dessel",48
109,NULL,"Geel",49
110,NULL,"Bouwel",50
111,NULL,"Grobbendonk",50
112,NULL,"Herentals",51
113,NULL,"Morkhoven",51
114,NULL,"Noorderwijk",51
115,NULL,"Herenthout",52
116,NULL,"Herselt",53
117,NULL,"Ramsel",53
118,NULL,"Hoogstraten",54
119,NULL,"Meer",54
120,NULL,"Meerle",54
121,NULL,"Minderhout",54
122,NULL,"Wortel",54
123,NULL,"Houtvenne",55
124,NULL,"Hulshout",55
125,NULL,"Westmeerbeek",55
126,NULL,"Kasterlee",56
127,NULL,"Lichtaart",56
128,NULL,"Tielen",56
129,NULL,"Eindhout",57
130,NULL,"Laakdal",57
131,NULL,"Varendonk",57
132,NULL,"Veerle",57
133,NULL,"Vorst",57
134,NULL,"Gierle",58
135,NULL,"Lille",58
136,NULL,"Poederlee",58
137,NULL,"Wechelderzande",58
138,NULL,"Meerhout",59
139,NULL,"Merksplas",60
140,NULL,"Mol",61
141,NULL,"Olen",62
142,NULL,"Oud-Turnhout",63
143,NULL,"Poppel",64
144,NULL,"Ravels",64
145,NULL,"Weelde",64
146,NULL,"Retie",65
147,NULL,"Rijkevorsel",66
148,NULL,"Turnhout",67
149,NULL,"Vorselaar",68
150,NULL,"Vosselaar",69
151,NULL,"Oevel",70
152,NULL,"Tongerlo",70
153,NULL,"Westerlo",70
154,NULL,"Zoerle-Parwijs",70
155,NULL,"As",71
156,NULL,"Niel-bij-As",71
157,NULL,"Beringen",72
158,NULL,"Beverlo",72
159,NULL,"Koersel",72
160,NULL,"Paal",72
161,NULL,"Diepenbeek",73
162,NULL,"Genk",74
163,NULL,"Boekhout",75
164,NULL,"Borlo",75
165,NULL,"Buvingen",75
166,NULL,"Gingelom",75
167,NULL,"Jeuk",75
168,NULL,"Kortijs",75
169,NULL,"Mielen-boven-Aalst",75
170,NULL,"Montenaken",75
171,NULL,"Muizen",75
172,NULL,"Niel-bij-Sint-Truiden",75
173,NULL,"Vorsen",75
174,NULL,"Halen",76
175,NULL,"Loksbergen",76
176,NULL,"Zelem",76
177,NULL,"Ham",77
178,NULL,"Kwaadmechelen",77
179,NULL,"Oostham",77
180,NULL,"Hasselt",78
181,NULL,"Kermt",78
182,NULL,"Kuringen",78
183,NULL,"Sint-Lambrechts-Herk",78
184,NULL,"Spalbeek",78
185,NULL,"Stevoort",78
186,NULL,"Stokrooie",78
187,NULL,"Wimmertingen",78
188,NULL,"Berbroek",79
189,NULL,"Donk",79
190,"Herck-la-Ville","Herk-de-Stad",79
191,NULL,"Schulen",79
192,NULL,"Heusden",80
193,NULL,"Heusden-Zolder",80
194,NULL,"Zolder",80
195,NULL,"Heppen",81
196,"Bourg-Léopold","Leopoldsburg",81
197,NULL,"Linkhout",82
198,NULL,"Lummen",82
199,NULL,"Meldert",82
200,NULL,"Binderveld",83
201,NULL,"Kozen",83
202,NULL,"Nieuwerkerken",83
203,NULL,"Wijer",83
204,NULL,"Opglabbeek",84
205,NULL,"Aalst",85
206,NULL,"Brustem",85
207,NULL,"Duras",85
208,NULL,"Engelmanshoven",85
209,NULL,"Gelinden",85
210,NULL,"Gorsem",85
211,NULL,"Groot-Gelmen",85
212,NULL,"Halmaal",85
213,NULL,"Kerkom-bij-Sint-Truiden",85
214,NULL,"Ordingen",85
215,NULL,"Runkelen",85
216,"Saint-Trond","Sint-Truiden",85
217,NULL,"Velm",85
218,NULL,"Wilderen",85
219,NULL,"Zepperen",85
220,NULL,"Tessenderlo",86
221,NULL,"Zonhoven",87
222,NULL,"Zutendaal",88
223,NULL,"Bocholt",89
224,NULL,"Kaulille",89
225,NULL,"Reppel",89
226,NULL,"Beek",90
227,NULL,"Bree",90
228,NULL,"Gerdingen",90
229,NULL,"Opitter",90
230,NULL,"Tongerlo",90
231,NULL,"Dilsen-Stokkem",91
232,NULL,"Elen",91
233,NULL,"Lanklaar",91
234,NULL,"Rotem",91
235,NULL,"Achel",92
236,NULL,"Hamont",92
237,NULL,"Hamont-Achel",92
238,NULL,"Eksel",93
239,NULL,"Hechtel",93
240,NULL,"Hechtel-Eksel",93
241,NULL,"Helchteren",94
242,NULL,"Houthalen",94
243,NULL,"Houthalen-Helchteren",94
244,NULL,"Kessenich",95
245,NULL,"Kinrooi",95
246,NULL,"Molenbeersel",95
247,NULL,"Ophoven",95
248,NULL,"Lommel",96
249,NULL,"Maaseik",97
250,NULL,"Neeroeteren",97
251,NULL,"Opoeteren",97
252,NULL,"Ellikom",98
253,NULL,"Gruitrode",98
254,NULL,"Meeuwen",98
255,NULL,"Meeuwen-Gruitrode",98
256,NULL,"Neerglabbeek",98
257,NULL,"Wijshagen",98
258,NULL,"Neerpelt",99
259,NULL,"Sint-Huibrechts-Lille",99
260,NULL,"Overpelt",100
261,NULL,"Grote-Brogel",101
262,NULL,"Kleine-Brogel",101
263,NULL,"Peer",101
264,NULL,"Wijchmaal",101
265,NULL,"Alken",102
266,NULL,"Beverst",103
267,NULL,"Bilzen",103
268,NULL,"Eigenbilzen",103
269,NULL,"Grote-Spouwen",103
270,NULL,"Hees",103
271,NULL,"Hoelbeek",103
272,NULL,"Kleine-Spouwen",103
273,NULL,"Martenslinde",103
274,NULL,"Mopertingen",103
275,NULL,"Munsterbilzen",103
276,NULL,"Rijkhoven",103
277,NULL,"Rosmeer",103
278,NULL,"Spouwen",103
279,NULL,"Waltwilder",103
280,NULL,"Bommershoven",104
281,"Looz","Borgloon",104
282,NULL,"Broekom",104
283,NULL,"Gors-Opleeuw",104
284,NULL,"Gotem",104
285,NULL,"Groot-Loon",104
286,"Haren","Haren",104
287,NULL,"Hendrieken",104
288,NULL,"Hoepertingen",104
289,NULL,"Jesseren",104
290,NULL,"Kerniel",104
291,NULL,"Kolmont",104
292,NULL,"Kuttekoven",104
293,NULL,"Rijkel",104
294,NULL,"Voort",104
295,NULL,"Batsheers",105
296,NULL,"Bovelingen",105
297,NULL,"Gutschoven",105
298,NULL,"Heers",105
299,NULL,"Heks",105
300,NULL,"Horpmaal",105
301,NULL,"Klein-Gelmen",105
302,NULL,"Mechelen-Bovelingen",105
303,NULL,"Mettekoven",105
304,NULL,"Opheers",105
305,NULL,"Rukkelingen-Loon",105
306,NULL,"Vechmaal",105
307,NULL,"Veulen",105
308,NULL,"Herstappe",106
309,NULL,"Hoeselt",107
310,NULL,"Romershoven",107
311,NULL,"Schalkhoven",107
312,NULL,"Sint-Huibrechts-Hern",107
313,NULL,"Werm",107
314,NULL,"Guigoven",108
315,NULL,"Kortessem",108
316,NULL,"Vliermaal",108
317,NULL,"Vliermaalroot",108
318,NULL,"Wintershoven",108
319,NULL,"Gellik",109
320,NULL,"Lanaken",109
321,NULL,"Neerharen",109
322,NULL,"Rekem",109
323,NULL,"Veldwezelt",109
324,NULL,"Boorsem",110
325,NULL,"Eisden",110
326,NULL,"Leut",110
327,NULL,"Maasmechelen",110
328,NULL,"Mechelen-aan-de-Maas",110
329,NULL,"Meeswijk",110
330,NULL,"Opgrimbie",110
331,NULL,"Uikhoven",110
332,NULL,"Vucht",110
333,NULL,"Genoelselderen",111
334,NULL,"Herderen",111
335,NULL,"Kanne",111
336,NULL,"Membruggen",111
337,NULL,"Millen",111
338,NULL,"Riemst",111
339,NULL,"Val-Meer",111
340,NULL,"Vlijtingen",111
341,NULL,"Vroenhoven",111
342,NULL,"Zichen-Zussen-Bolder",111
343,NULL,"'s Herenelderen",112
344,NULL,"Berg",112
345,NULL,"Diets-Heur",112
346,"Haren","Haren",112
347,NULL,"Henis",112
348,NULL,"Kolmont",112
349,NULL,"Koninksem",112
350,NULL,"Lauw",112
351,NULL,"Mal",112
352,NULL,"Neerrepen",112
353,NULL,"Nerem",112
354,NULL,"Overrepen",112
355,NULL,"Piringen",112
356,NULL,"Riksingen",112
357,NULL,"Rutten",112
358,NULL,"Sluizen",112
359,"Tongres","Tongeren",112
360,NULL,"Vreren",112
361,NULL,"Widooie",112
362,NULL,"'s Gravenvoeren",113
363,NULL,"Moelingen",113
364,NULL,"Remersdaal",113
365,NULL,"Sint-Martens-Voeren",113
366,NULL,"Sint-Pieters-Voeren",113
367,NULL,"Teuven",113
368,"Fourons","Voeren",113
369,NULL,"Berlingen",114
370,NULL,"Herten",114
371,NULL,"Ulbeek",114
372,NULL,"Wellen",114
373,"Alost","Aalst",115
374,NULL,"Baardegem",115
375,NULL,"Erembodegem",115
376,NULL,"Gijzegem",115
377,NULL,"Herdersem",115
378,NULL,"Hofstade",115
379,NULL,"Meldert",115
380,NULL,"Moorsel",115
381,NULL,"Nieuwerkerken",115
382,NULL,"Denderleeuw",116
383,NULL,"Iddergem",116
384,NULL,"Welle",116
385,NULL,"Aaigem",117
386,NULL,"Bambrugge",117
387,NULL,"Burst",117
388,NULL,"Erondegem",117
389,NULL,"Erpe",117
390,NULL,"Erpe-Mere",117
391,NULL,"Mere",117
392,NULL,"Ottergem",117
393,NULL,"Vlekkem",117
394,"Grammont","Geraardsbergen",118
395,NULL,"Goeferdinge",118
396,NULL,"Grimminge",118
397,NULL,"Idegem",118
398,NULL,"Moerbeke",118
399,NULL,"Nederboelare",118
400,NULL,"Nieuwenhove",118
401,NULL,"Onkerzele",118
402,NULL,"Ophasselt",118
403,NULL,"Overboelare",118
404,NULL,"Schendelbeke",118
405,NULL,"Smeerebbe-Vloerzegem",118
406,NULL,"Viane",118
407,NULL,"Waarbeke",118
408,NULL,"Zandbergen",118
409,NULL,"Zarlardinge",118
410,NULL,"Denderhoutem",119
411,NULL,"Haaltert",119
412,NULL,"Heldergem",119
413,NULL,"Kerksken",119
414,NULL,"Borsbeke",120
415,NULL,"Herzele",120
416,NULL,"Hillegem",120
417,NULL,"Ressegem",120
418,NULL,"Sint-Antelinks",120
419,NULL,"Sint-Lievens-Esse",120
420,NULL,"Steenhuize-Wijnhuize",120
421,NULL,"Woubrechtegem",120
422,NULL,"Impe",121
423,NULL,"Lede",121
424,NULL,"Oordegem",121
425,NULL,"Smetlede",121
426,NULL,"Wanzele",121
427,NULL,"Appelterre-Eichem",122
428,NULL,"Aspelare",122
429,NULL,"Denderwindeke",122
430,NULL,"Lieferinge",122
431,NULL,"Meerbeke",122
432,NULL,"Nederhasselt",122
433,NULL,"Neigem",122
434,NULL,"Ninove",122
435,NULL,"Okegem",122
436,NULL,"Outer",122
437,NULL,"Pollare",122
438,NULL,"Voorde",122
439,NULL,"Bavegem",123
440,NULL,"Letterhoutem",123
441,NULL,"Sint-Lievens-Houtem",123
442,NULL,"Vlierzele",123
443,NULL,"Zonnegem",123
444,NULL,"Elene",124
445,NULL,"Erwetegem",124
446,NULL,"Godveerdegem",124
447,NULL,"Grotenberge",124
448,NULL,"Leeuwergem",124
449,NULL,"Oombergen",124
450,NULL,"Sint-Goriks-Oudenhove",124
451,NULL,"Sint-Maria-Oudenhove",124
452,NULL,"Strijpen",124
453,NULL,"Velzeke-Ruddershove",124
454,NULL,"Zottegem",124
455,NULL,"Berlare",125
456,NULL,"Overmere",125
457,NULL,"Uitbergen",125
458,NULL,"Buggenhout",126
459,NULL,"Opdorp",126
460,NULL,"Appels",127
461,NULL,"Baasrode",127
462,"Termonde","Dendermonde",127
463,NULL,"Grembergen",127
464,NULL,"Mespelare",127
465,NULL,"Oudegem",127
466,NULL,"Schoonaarde",127
467,NULL,"Sint-Gillis-bij-Dendermonde",127
468,NULL,"Hamme",128
469,NULL,"Moerzeke",128
470,NULL,"Kalken",129
471,NULL,"Laarne",129
472,NULL,"Denderbelle",130
473,NULL,"Lebbeke",130
474,NULL,"Wieze",130
475,NULL,"Waasmunster",131
476,NULL,"Massemen",132
477,NULL,"Westrem",132
478,NULL,"Wetteren",132
479,NULL,"Schellebelle",133
480,NULL,"Serskamp",133
481,NULL,"Wichelen",133
482,NULL,"Zele",134
483,NULL,"Assenede",135
484,NULL,"Bassevelde",135
485,NULL,"Boekhoute",135
486,NULL,"Oosteeklo",135
487,NULL,"Eeklo",136
488,NULL,"Kaprijke",137
489,NULL,"Lembeke",137
490,NULL,"Adegem",138
491,NULL,"Maldegem",138
492,NULL,"Middelburg",138
493,NULL,"Sint-Jan-in-Eremo",139
494,NULL,"Sint-Laureins",139
495,NULL,"Sint-Margriete",139
496,NULL,"Waterland-Oudeman",139
497,NULL,"Watervliet",139
498,NULL,"Zelzate",140
499,NULL,"Aalter",141
500,NULL,"Bellem",141
501,NULL,"Lotenhulle",141
502,NULL,"Poeke",141
503,NULL,"De Pinte",142
504,NULL,"Zevergem",142
505,NULL,"Astene",143
506,NULL,"Bachte-Maria-Leerne",143
507,NULL,"Deinze",143
508,NULL,"Gottem",143
509,NULL,"Grammene",143
510,NULL,"Meigem",143
511,NULL,"Petegem-aan-de-Leie",143
512,NULL,"Sint-Martens-Leerne",143
513,NULL,"Vinkt",143
514,NULL,"Wontergem",143
515,NULL,"Zeveren",143
516,NULL,"Destelbergen",144
517,NULL,"Heusden",144
518,NULL,"Ertvelde",145
519,NULL,"Evergem",145
520,NULL,"Kluizen",145
521,NULL,"Sleidinge",145
522,NULL,"Asper",146
523,NULL,"Baaigem",146
524,NULL,"Dikkelvenne",146
525,NULL,"Gavere",146
526,NULL,"Semmerzake",146
527,NULL,"Vurste",146
528,NULL,"Afsnee",147
529,NULL,"Desteldonk",147
530,NULL,"Drongen",147
531,"Gand","Gent",147
532,NULL,"Gentbrugge",147
533,NULL,"Ledeberg",147
534,NULL,"Mariakerke",147
535,NULL,"Mendonk",147
536,NULL,"Oostakker",147
537,NULL,"Sint-Amandsberg",147
538,NULL,"Sint-Denijs-Westrem",147
539,NULL,"Sint-Kruis-Winkel",147
540,NULL,"Wondelgem",147
541,NULL,"Zwijnaarde",147
542,NULL,"Knesselare",148
543,NULL,"Ursel",148
544,NULL,"Beervelde",149
545,NULL,"Lochristi",149
546,NULL,"Zaffelare",149
547,NULL,"Zeveneken",149
548,NULL,"Lovendegem",150
549,NULL,"Vinderhoute",150
550,NULL,"Gontrode",151
551,NULL,"Melle",151
552,NULL,"Bottelare",152
553,NULL,"Lemberge",152
554,NULL,"Melsen",152
555,NULL,"Merelbeke",152
556,NULL,"Munte",152
557,NULL,"Schelderode",152
558,NULL,"Moerbeke",153
559,NULL,"Eke",154
560,NULL,"Nazareth",154
561,NULL,"Hansbeke",155
562,NULL,"Landegem",155
563,NULL,"Merendree",155
564,NULL,"Nevele",155
565,NULL,"Poesele",155
566,NULL,"Vosselare",155
567,NULL,"Balegem",156
568,NULL,"Gijzenzele",156
569,NULL,"Landskouter",156
570,NULL,"Moortsele",156
571,NULL,"Oosterzele",156
572,NULL,"Scheldewindeke",156
573,NULL,"Deurle",157
574,NULL,"Sint-Martens-Latem",157
575,NULL,"Waarschoot",158
576,NULL,"Wachtebeke",159
577,NULL,"Oostwinkel",160
578,NULL,"Ronsele",160
579,NULL,"Zomergem",160
580,NULL,"Machelen",161
581,NULL,"Olsene",161
582,NULL,"Zulte",161
583,NULL,"Brakel",162
584,NULL,"Elst",162
585,NULL,"Everbeek",162
586,NULL,"Michelbeke",162
587,NULL,"Nederbrakel",162
588,NULL,"Opbrakel",162
589,NULL,"Parike",162
590,NULL,"Sint-Maria-Oudenhove",162
591,NULL,"Zegelsem",162
592,NULL,"Horebeke",163
593,NULL,"Sint-Kornelis-Horebeke",163
594,NULL,"Sint-Maria-Horebeke",163
595,NULL,"Berchem",164
596,NULL,"Kluisbergen",164
597,NULL,"Kwaremont",164
598,NULL,"Ruien",164
599,NULL,"Zulzeke",164
600,NULL,"Kruishoutem",165
601,NULL,"Nokere",165
602,NULL,"Wannegem-Lede",165
603,NULL,"Deftinge",166
604,NULL,"Hemelveerdegem",166
605,NULL,"Lierde",166
606,NULL,"Sint-Maria-Lierde",166
607,NULL,"Sint-Martens-Lierde",166
608,NULL,"Etikhove",167
609,NULL,"Maarke-Kerkem",167
610,NULL,"Maarkedal",167
611,NULL,"Nukerke",167
612,NULL,"Schorisse",167
613,NULL,"Bevere",168
614,NULL,"Edelare",168
615,NULL,"Eine",168
616,NULL,"Ename",168
617,NULL,"Heurne",168
618,NULL,"Leupegem",168
619,NULL,"Mater",168
620,NULL,"Melden",168
621,NULL,"Mullem",168
622,NULL,"Nederename",168
623,"Audenarde","Oudenaarde",168
624,NULL,"Volkegem",168
625,NULL,"Welden",168
626,"Renaix","Ronse",169
627,NULL,"Elsegem",170
628,NULL,"Moregem",170
629,NULL,"Ooike",170
630,NULL,"Petegem-aan-de-Schelde",170
631,NULL,"Wortegem",170
632,NULL,"Wortegem-Petegem",170
633,NULL,"Huise",171
634,NULL,"Ouwegem",171
635,NULL,"Zingem",171
636,NULL,"Beerlegem",172
637,NULL,"Dikkele",172
638,NULL,"Hundelgem",172
639,NULL,"Meilegem",172
640,NULL,"Munkzwalm",172
641,NULL,"Nederzwalm-Hermelgem",172
642,NULL,"Paulatem",172
643,NULL,"Roborst",172
644,NULL,"Rozebeke",172
645,NULL,"Sint-Blasius-Boekel",172
646,NULL,"Sint-Denijs-Boekel",172
647,NULL,"Sint-Maria-Latem",172
648,NULL,"Zwalm",172
649,NULL,"Beveren",173
650,NULL,"Doel",173
651,NULL,"Haasdonk",173
652,NULL,"Kallo",173
653,NULL,"Kieldrecht",173
654,NULL,"Melsele",173
655,NULL,"Verrebroek",173
656,NULL,"Vrasene",173
657,NULL,"Bazel",174
658,NULL,"Kruibeke",174
659,NULL,"Rupelmonde",174
660,NULL,"Daknam",175
661,NULL,"Eksaarde",175
662,NULL,"Lokeren",175
663,NULL,"De Klinge",176
664,NULL,"Meerdonk",176
665,NULL,"Sint-Gillis-Waas",176
666,NULL,"Sint-Pauwels",176
667,NULL,"Belsele",177
668,NULL,"Nieuwkerken-Waas",177
669,NULL,"Sinaai-Waas",177
670,"Saint-Nicolas","Sint-Niklaas",177
671,NULL,"Kemzeke",178
672,NULL,"Stekene",178
673,NULL,"Elversele",179
674,NULL,"Steendorp",179
675,"Tamise","Temse",179
676,NULL,"Tielrode",179
677,NULL,"Affligem",180
678,NULL,"Essene",180
679,NULL,"Hekelgem",180
680,NULL,"Teralfene",180
681,NULL,"Asse",181
682,NULL,"Bekkerzeel",181
683,NULL,"Kobbegem",181
684,NULL,"Mollem",181
685,NULL,"Relegem",181
686,NULL,"Zellik",181
687,NULL,"Alsemberg",182
688,NULL,"Beersel",182
689,NULL,"Dworp",182
690,NULL,"Huizingen",182
691,NULL,"Lot",182
692,"Biévène","Bever",183
693,NULL,"Dilbeek",184
694,NULL,"Groot-Bijgaarden",184
695,NULL,"Itterbeek",184
696,NULL,"Schepdaal",184
697,NULL,"Sint-Martens-Bodegem",184
698,NULL,"Sint-Ulriks-Kapelle",184
699,NULL,"Drogenbos",185
700,"Gammerages","Galmaarden",186
701,NULL,"Tollembeek",186
702,NULL,"Vollezele",186
703,NULL,"Gooik",187
704,NULL,"Kester",187
705,NULL,"Leerbeek",187
706,NULL,"Oetingen",187
707,NULL,"Beigem",188
708,NULL,"Grimbergen",188
709,NULL,"Humbeek",188
710,NULL,"Strombeek-Bever",188
711,NULL,"Buizingen",189
712,"Hal","Halle",189
713,NULL,"Lembeek",189
714,NULL,"Herfelingen",190
715,NULL,"Herne",190
716,NULL,"Sint-Pieters-Kapelle",190
717,NULL,"Hoeilaart",191
718,NULL,"Berg",192
719,NULL,"Buken",192
720,NULL,"Kampenhout",192
721,NULL,"Nederokkerzeel",192
722,NULL,"Kapelle-op-den-Bos",193
723,NULL,"Nieuwenrode",193
724,NULL,"Ramsdonk",193
725,NULL,"Kraainem",194
726,NULL,"Gaasbeek",195
727,NULL,"Lennik",195
728,NULL,"Sint-Kwintens-Lennik",195
729,NULL,"Sint-Martens-Lennik",195
730,NULL,"Liedekerke",196
731,NULL,"Linkebeek",197
732,NULL,"Londerzeel",198
733,NULL,"Malderen",198
734,NULL,"Steenhuffel",198
735,NULL,"Diegem",199
736,NULL,"Machelen",199
737,NULL,"Meise",200
738,NULL,"Wolvertem",200
739,NULL,"Brussegem",201
740,NULL,"Hamme",201
741,NULL,"Merchtem",201
742,NULL,"Mazenzele",202
743,NULL,"Opwijk",202
744,NULL,"Overijse",203
745,NULL,"Beert",204
746,NULL,"Bellingen",204
747,NULL,"Bogaarden",204
748,NULL,"Elingen",204
749,NULL,"Heikruis",204
750,NULL,"Pepingen",204
751,NULL,"Borchtlombeek",205
752,NULL,"Onze-Lieve-Vrouw-Lombeek",205
753,NULL,"Pamel",205
754,NULL,"Roosdaal",205
755,NULL,"Strijtem",205
756,"Rhode-Saint-Genèse","Sint-Genesius-Rode",206
757,NULL,"Oudenaken",207
758,NULL,"Ruisbroek",207
759,NULL,"Sint-Laureins-Berchem",207
760,NULL,"Sint-Pieters-Leeuw",207
761,NULL,"Vlezenbeek",207
762,NULL,"Melsbroek",208
763,NULL,"Perk",208
764,NULL,"Steenokkerzeel",208
765,NULL,"Sint-Katherina-Lombeek",209
766,NULL,"Ternat",209
767,NULL,"Wambeek",209
768,NULL,"Peutie",210
769,"Vilvorde","Vilvoorde",210
770,NULL,"Wemmel",211
771,NULL,"Wezembeek-Oppem",212
772,NULL,"Nossegem",213
773,NULL,"Sint-Stevens-Woluwe",213
774,NULL,"Sterrebeek",213
775,NULL,"Zaventem",213
776,NULL,"Elewijt",214
777,NULL,"Eppegem",214
778,NULL,"Hofstade",214
779,NULL,"Weerde",214
780,NULL,"Zemst",214
781,NULL,"Aarschot",215
782,NULL,"Gelrode",215
783,NULL,"Langdorp",215
784,NULL,"Rillaar",215
785,NULL,"Begijnendijk",216
786,NULL,"Betekom",216
787,NULL,"Assent",217
788,NULL,"Bekkevoort",217
789,NULL,"Molenbeek-Wersbeek",217
790,NULL,"Bertem",218
791,NULL,"Korbeek-Dijle",218
792,NULL,"Leefdaal",218
793,NULL,"Bierbeek",219
794,NULL,"Korbeek-Lo",219
795,NULL,"Lovenjoel",219
796,NULL,"Opvelp",219
797,NULL,"Boortmeerbeek",220
798,NULL,"Hever",220
799,NULL,"Boutersem",221
800,NULL,"Kerkom",221
801,NULL,"Neervelp",221
802,NULL,"Roosbeek",221
803,NULL,"Vertrijk",221
804,NULL,"Willebringen",221
805,NULL,"Deurne",222
806,NULL,"Diest",222
807,NULL,"Kaggevinne",222
808,NULL,"Molenstede",222
809,NULL,"Schaffen",222
810,NULL,"Webbekom",222
811,NULL,"Geetbets",223
812,NULL,"Grazen",223
813,NULL,"Rummen",223
814,NULL,"Attenrode",224
815,NULL,"Bunsbeek",224
816,NULL,"Glabbeek-Zuurbemde",224
817,NULL,"Kapellen",224
818,NULL,"Haacht",225
819,NULL,"Tildonk",225
820,NULL,"Wespelaar",225
821,NULL,"Herent",226
822,NULL,"Veltem-Beisem",226
823,NULL,"Winksele",226
824,NULL,"Hoegaarden",227
825,NULL,"Meldert",227
826,NULL,"Outgaarden",227
827,NULL,"Holsbeek",228
828,NULL,"Kortrijk-Dutsel",228
829,NULL,"Nieuwrode",228
830,NULL,"Sint-Pieters-Rode",228
831,NULL,"Huldenberg",229
832,NULL,"Loonbeek",229
833,NULL,"Neerijse",229
834,NULL,"Ottenburg",229
835,NULL,"Sint-Agatha-Rode",229
836,NULL,"Keerbergen",230
837,NULL,"Hoeleden",231
838,NULL,"Kersbeek-Miskom",231
839,NULL,"Kortenaken",231
840,NULL,"Ransberg",231
841,NULL,"Waanrode",231
842,NULL,"Erps-Kwerps",232
843,NULL,"Everberg",232
844,NULL,"Kortenberg",232
845,NULL,"Meerbeek",232
846,NULL,"Attenhoven",233
847,NULL,"Eliksem",233
848,NULL,"Ezemaal",233
849,NULL,"Laar",233
850,NULL,"Landen",233
851,NULL,"Neerlanden",233
852,NULL,"Neerwinden",233
853,NULL,"Overwinden",233
854,NULL,"Rumsdorp",233
855,NULL,"Waasmont",233
856,NULL,"Walsbets",233
857,NULL,"Walshoutem",233
858,NULL,"Wange",233
859,NULL,"Wezeren",233
860,NULL,"Heverlee",234
861,NULL,"Kessel-Lo",234
862,"Louvain","Leuven",234
863,NULL,"Wijgmaal",234
864,NULL,"Wilsele",234
865,NULL,"Drieslinter",235
866,NULL,"Linter",235
867,NULL,"Melkwezer",235
868,NULL,"Neerhespen",235
869,NULL,"Neerlinter",235
870,NULL,"Orsmaal-Gussenhoven",235
871,NULL,"Overhespen",235
872,NULL,"Wommersom",235
873,NULL,"Binkom",236
874,NULL,"Linden",236
875,NULL,"Lubbeek",236
876,NULL,"Pellenberg",236
877,NULL,"Blanden",237
878,NULL,"Haasrode",237
879,NULL,"Oud-Heverlee",237
880,NULL,"Sint-Joris-Weert",237
881,NULL,"Vaalbeek",237
882,NULL,"Rotselaar",238
883,NULL,"Werchter",238
884,NULL,"Wezemaal",238
885,NULL,"Averbode",239
886,NULL,"Messelbroek",239
887,NULL,"Scherpenheuvel",239
888,"Montaigu-Zichem","Scherpenheuvel-Zichem",239
889,NULL,"Testelt",239
890,NULL,"Zichem",239
891,NULL,"Duisburg",240
892,NULL,"Tervuren",240
893,NULL,"Vossem",240
894,NULL,"Houwaart",241
895,NULL,"Meensel-Kiezegem",241
896,NULL,"Sint-Joris-Winge",241
897,NULL,"Tielt",241
898,NULL,"Tielt-Winge",241
899,NULL,"Bost",242
900,NULL,"Goetsenhoven",242
901,NULL,"Hakendover",242
902,NULL,"Kumtich",242
903,NULL,"Oorbeek",242
904,NULL,"Oplinter",242
905,NULL,"Sint-Margriete-Houtem",242
906,"Tirlemont","Tienen",242
907,NULL,"Vissenaken",242
908,NULL,"Baal",243
909,NULL,"Tremelo",243
910,NULL,"Budingen",244
911,NULL,"Dormaal",244
912,NULL,"Halle-Booienhoven",244
913,NULL,"Helen-Bos",244
914,"Léau","Zoutleeuw",244
915,NULL,"Beernem",245
916,NULL,"Oedelem",245
917,NULL,"Sint-Joris",245
918,NULL,"Blankenberge",246
919,NULL,"Uitkerke",246
920,NULL,"Assebroek",247
921,"Bruges","Brugge",247
922,NULL,"Dudzele",247
923,NULL,"Koolkerke",247
924,NULL,"Lissewege",247
925,NULL,"Sint-Andries",247
926,NULL,"Sint-Kruis",247
927,NULL,"Sint-Michiels",247
928,NULL,"Zeebrugge",247
929,NULL,"Damme",248
930,NULL,"Hoeke",248
931,NULL,"Lapscheure",248
932,NULL,"Moerkerke",248
933,NULL,"Oostkerke",248
934,NULL,"Sijsele",248
935,NULL,"Jabbeke",249
936,NULL,"Snellegem",249
937,NULL,"Stalhille",249
938,NULL,"Varsenare",249
939,NULL,"Zerkegem",249
940,NULL,"Heist-aan-Zee",250
941,NULL,"Knokke",250
942,NULL,"Knokke-Heist",250
943,NULL,"Ramskapelle",250
944,NULL,"Westkapelle",250
945,NULL,"Hertsberge",251
946,NULL,"Oostkamp",251
947,NULL,"Ruddervoorde",251
948,NULL,"Waardamme",251
949,NULL,"Torhout",252
950,NULL,"Aartrijke",253
951,NULL,"Loppem",253
952,NULL,"Veldegem",253
953,NULL,"Zedelgem",253
954,NULL,"Houtave",254
955,NULL,"Meetkerke",254
956,NULL,"Nieuwmunster",254
957,NULL,"Zuienkerke",254
958,NULL,"Beerst",255
959,"Dixmude","Diksmuide",255
960,NULL,"Driekapellen",255
961,NULL,"Esen",255
962,NULL,"Kaaskerke",255
963,NULL,"Keiem",255
964,NULL,"Lampernisse",255
965,NULL,"Leke",255
966,NULL,"Nieuwkapelle",255
967,NULL,"Oostkerke",255
968,NULL,"Oudekapelle",255
969,NULL,"Pervijze",255
970,NULL,"Sint-Jacobs-Kapelle",255
971,NULL,"Stuivekenskerke",255
972,NULL,"Vladslo",255
973,NULL,"Woumen",255
974,NULL,"Houthulst",256
975,NULL,"Klerken",256
976,NULL,"Merkem",256
977,NULL,"Bovekerke",257
978,NULL,"Koekelare",257
979,NULL,"Zande",257
980,NULL,"Handzame",258
981,NULL,"Kortemark",258
982,NULL,"Werken",258
983,NULL,"Zarren",258
984,NULL,"Lo",259
985,NULL,"Lo-Reninge",259
986,NULL,"Noordschote",259
987,NULL,"Pollinkhove",259
988,NULL,"Reninge",259
989,NULL,"Dranouter",260
990,NULL,"Heuvelland",260
991,NULL,"Kemmel",260
992,NULL,"Loker",260
993,NULL,"Nieuwkerke",260
994,NULL,"Westouter",260
995,NULL,"Wijtschate",260
996,NULL,"Wulvergem",260
997,NULL,"Boezinge",261
998,NULL,"Brielen",261
999,NULL,"Dikkebus",261
1000,NULL,"Elverdinge",261
1001,NULL,"Hollebeke",261
1002,"Ypres","Ieper",261
1003,NULL,"Sint-Jan",261
1004,NULL,"Vlamertinge",261
1005,NULL,"Voormezele",261
1006,NULL,"Zillebeke",261
1007,NULL,"Zuidschote",261
1008,NULL,"Bikschote",262
1009,NULL,"Langemark",262
1010,NULL,"Langemark-Poelkapelle",262
1011,NULL,"Poelkapelle",262
1012,"Messines","Mesen",263
1013,NULL,"Krombeke",264
1014,NULL,"Poperinge",264
1015,NULL,"Proven",264
1016,NULL,"Reningelst",264
1017,NULL,"Roesbrugge-Haringe",264
1018,NULL,"Watou",264
1019,NULL,"Oostvleteren",265
1020,NULL,"Vleteren",265
1021,NULL,"Westvleteren",265
1022,NULL,"Woesten",265
1023,NULL,"Geluwe",266
1024,NULL,"Wervik",266
1025,NULL,"Beselare",267
1026,NULL,"Geluveld",267
1027,NULL,"Passendale",267
1028,NULL,"Zandvoorde",267
1029,NULL,"Zonnebeke",267
1030,NULL,"Anzegem",268
1031,NULL,"Gijzelbrechtegem",268
1032,NULL,"Ingooigem",268
1033,NULL,"Kaster",268
1034,NULL,"Tiegem",268
1035,NULL,"Vichte",268
1036,NULL,"Avelgem",269
1037,NULL,"Bossuit",269
1038,NULL,"Kerkhove",269
1039,NULL,"Outrijve",269
1040,NULL,"Waarmaarde",269
1041,NULL,"Deerlijk",270
1042,NULL,"Bavikhove",271
1043,NULL,"Harelbeke",271
1044,NULL,"Hulste",271
1045,NULL,"Aalbeke",272
1046,NULL,"Bellegem",272
1047,NULL,"Bissegem",272
1048,NULL,"Heule",272
1049,NULL,"Kooigem",272
1050,"Courtrai","Kortrijk",272
1051,NULL,"Marke",272
1052,NULL,"Rollegem",272
1053,NULL,"Kuurne",273
1054,NULL,"Lendelede",274
1055,NULL,"Lauwe",275
1056,"Menin","Menen",275
1057,NULL,"Rekkem",275
1058,NULL,"Helkijn",276
1059,NULL,"Spiere",276
1060,"Espierres-Helchin","Spiere-Helkijn",276
1061,NULL,"Beveren",277
1062,NULL,"Desselgem",277
1063,NULL,"Sint-Eloois-Vijve",277
1064,NULL,"Waregem",277
1065,NULL,"Gullegem",278
1066,NULL,"Moorsele",278
1067,NULL,"Wevelgem",278
1068,NULL,"Heestert",279
1069,NULL,"Moen",279
1070,NULL,"Otegem",279
1071,NULL,"Sint-Denijs",279
1072,NULL,"Zwevegem",279
1073,NULL,"Bredene",280
1074,NULL,"De Haan",281
1075,NULL,"Klemskerke",281
1076,NULL,"Vlissegem",281
1077,NULL,"Wenduine",281
1078,NULL,"Gistel",282
1079,NULL,"Moere",282
1080,NULL,"Snaaskerke",282
1081,NULL,"Zevekote",282
1082,NULL,"Bekegem",283
1083,NULL,"Eernegem",283
1084,NULL,"Ichtegem",283
1085,NULL,"Leffinge",284
1086,NULL,"Lombardsijde",284
1087,NULL,"Mannekensvere",284
1088,NULL,"Middelkerke",284
1089,NULL,"Schore",284
1090,NULL,"Sint-Pieters-Kapelle",284
1091,NULL,"Slijpe",284
1092,NULL,"Spermalie",284
1093,NULL,"Westende",284
1094,NULL,"Wilskerke",284
1095,"Ostende","Oostende",285
1096,NULL,"Stene",285
1097,NULL,"Zandvoorde",285
1098,NULL,"Ettelgem",286
1099,NULL,"Oudenburg",286
1100,NULL,"Roksem",286
1101,NULL,"Westkerke",286
1102,NULL,"Gits",287
1103,NULL,"Hooglede",287
1104,NULL,"Ingelmunster",288
1105,NULL,"Emelgem",289
1106,NULL,"Izegem",289
1107,NULL,"Kachtem",289
1108,NULL,"Ledegem",290
1109,NULL,"Rollegem-Kapelle",290
1110,NULL,"Sint-Eloois-Winkel",290
1111,NULL,"Lichtervelde",291
1112,NULL,"Dadizele",292
1113,NULL,"Moorslede",292
1114,NULL,"Beveren",293
1115,NULL,"Oekene",293
1116,"Roulers","Roeselare",293
1117,NULL,"Rumbeke",293
1118,NULL,"Oostnieuwkerke",294
1119,NULL,"Staden",294
1120,NULL,"Westrozebeke",294
1121,NULL,"Ardooie",295
1122,NULL,"Koolskamp",295
1123,NULL,"Dentergem",296
1124,NULL,"Markegem",296
1125,NULL,"Oeselgem",296
1126,NULL,"Wakken",296
1127,NULL,"Meulebeke",297
1128,NULL,"Oostrozebeke",298
1129,NULL,"Egem",299
1130,NULL,"Pittem",299
1131,NULL,"Ruiselede",300
1132,NULL,"Aarsele",301
1133,NULL,"Kanegem",301
1134,NULL,"Schuiferskapelle",301
1135,NULL,"Tielt",301
1136,NULL,"Ooigem",302
1137,NULL,"Sint-Baafs-Vijve",302
1138,NULL,"Wielsbeke",302
1139,NULL,"Wingene",303
1140,NULL,"Zwevezele",303
1141,NULL,"Alveringem",304
1142,NULL,"Beveren-aan-den-Ijzer",304
1143,NULL,"Gijverinkhove",304
1144,NULL,"Hoogstade",304
1145,NULL,"Izenberge",304
1146,NULL,"Leisele",304
1147,NULL,"Oeren",304
1148,NULL,"Sint-Rijkers",304
1149,NULL,"Stavele",304
1150,NULL,"Adinkerke",305
1151,"La Panne","De Panne",305
1152,NULL,"Koksijde",306
1153,NULL,"Oostduinkerke",306
1154,NULL,"Wulpen",306
1155,"Nieuport","Nieuwpoort",307
1156,NULL,"Ramskapelle",307
1157,NULL,"Sint-Joris",307
1158,NULL,"Avekapelle",308
1159,NULL,"Beauvoorde",308
1160,NULL,"Booitshoeke",308
1161,NULL,"Bulskamp",308
1162,NULL,"De Moeren",308
1163,NULL,"Eggewaartskapelle",308
1164,NULL,"Houtem",308
1165,NULL,"Steenkerke",308
1166,"Furnes","Veurne",308
1167,NULL,"Vinkem",308
1168,NULL,"Wulveringem",308
1169,NULL,"Zoutenaaie",308
1170,"Beauvechain","Bevekom",309
1171,"Hamme-Mille",NULL,309
1172,"l'Ecluse",NULL,309
1173,"Nodebais",NULL,309
1174,"Tourinnes-la-Grosse",NULL,309
1175,"Braine-l'Alleud","Eigenbrakel",310
1176,"Lillois-Witterzée",NULL,310
1177,"Ophain-Bois-Seigneur-Isaac",NULL,310
1178,"Braine-le-Château","Kasteelbrakel",311
1179,"Wauthier-Braine",NULL,311
1180,"Chastre",NULL,312
1181,"Chastre-Villeroux-Blanmont",NULL,312
1182,"Cortil-Noirmont",NULL,312
1183,"Gentinnes",NULL,312
1184,"Saint-Géry",NULL,312
1185,"Bonlez",NULL,313
1186,"Chaumont-Gistoux",NULL,313
1187,"Corroy-le-Grand",NULL,313
1188,"Dion-Valmont",NULL,313
1189,"Longueville",NULL,313
1190,"Court-Saint-Etienne",NULL,314
1191,"Baisy-Thy",NULL,315
1192,"Bousval",NULL,315
1193,"Genappe","Genepien",315
1194,"Glabais",NULL,315
1195,"Houtain-le-Val",NULL,315
1196,"Loupoigne",NULL,315
1197,"Vieux-Genappe",NULL,315
1198,"Ways",NULL,315
1199,"Archennes",NULL,316
1200,"Biez",NULL,316
1201,"Bossut-Gottechain",NULL,316
1202,"Grez-Doiceau","Graven",316
1203,"Nethen",NULL,316
1204,"Hélécine",NULL,317
1205,"Linsmeau",NULL,317
1206,"Neerheylissem",NULL,317
1207,"Opheylissem",NULL,317
1208,"Glimes",NULL,318
1209,"Incourt",NULL,318
1210,"Opprebais",NULL,318
1211,"Piétrebais",NULL,318
1212,"Roux-Miroir",NULL,318
1213,"Haut-Ittre",NULL,319
1214,"Ittre","Itter",319
1215,"Virginal-Samme",NULL,319
1216,"Dongelberg",NULL,320
1217,"Jauchelette",NULL,320
1218,"Jodoigne","Geldenaken",320
1219,"Jodoigne-Souveraine",NULL,320
1220,"Lathuy",NULL,320
1221,"Mélin",NULL,320
1222,"Piétrain",NULL,320
1223,"Saint-Jean-Geest",NULL,320
1224,"Saint-Remy-Geest",NULL,320
1225,"Zétrud-Lumay",NULL,320
1226,"La Hulpe","Terhulpen",321
1227,"Couture-Saint-Germain",NULL,322
1228,"Lasne",NULL,322
1229,"Lasne-Chapelle-Saint-Lambert",NULL,322
1230,"Maransart",NULL,322
1231,"Ohain",NULL,322
1232,"Plancenoit",NULL,322
1233,"Corbais",NULL,323
1234,"Hévillers",NULL,323
1235,"Mont-Saint-Guibert",NULL,323
1236,"Baulers",NULL,324
1237,"Bornival",NULL,324
1238,"Monstreux",NULL,324
1239,"Nivelles","Nijvel",324
1240,"Thines",NULL,324
1241,"Enines",NULL,325
1242,"Folx-les-Caves",NULL,325
1243,"Jandrain-Jandrenouille",NULL,325
1244,"Jauche",NULL,325
1245,"Marilles",NULL,325
1246,"Noduwez",NULL,325
1247,"Orp-Jauche",NULL,325
1248,"Orp-le-Grand",NULL,325
1249,"Céroux-Mousty",NULL,326
1250,"Limelette",NULL,326
1251,"Louvain-la-Neuve",NULL,326
1252,"Ottignies",NULL,326
1253,"Ottignies-Louvain-la-Neuve",NULL,326
1254,"Malèves-Sainte-Marie-Wastines",NULL,327
1255,"Orbais",NULL,327
1256,"Perwez","Perwijs",327
1257,"Thorembais-les-Béguines",NULL,327
1258,"Thorembais-Saint-Trond",NULL,327
1259,"Autre-Eglise",NULL,328
1260,"Bomal",NULL,328
1261,"Geest-Gérompont-Petit-Rosière",NULL,328
1262,"Gérompont",NULL,328
1263,"Grand-Rosière-Hottomont",NULL,328
1264,"Huppaye",NULL,328
1265,"Mont-Saint-André",NULL,328
1266,"Ramillies-Offus",NULL,328
1267,"Bierghes",NULL,329
1268,"Quenast",NULL,329
1269,"Rebecq",NULL,329
1270,"Rebecq-Rognon",NULL,329
1271,"Genval",NULL,330
1272,"Rixensart",NULL,330
1273,"Rosières",NULL,330
1274,"Clabecq",NULL,331
1275,"Oisquercq",NULL,331
1276,"Saintes",NULL,331
1277,"Tubize","Tubeke",331
1278,"Marbais",NULL,332
1279,"Mellery",NULL,332
1280,"Sart-Dames-Avelines",NULL,332
1281,"Tilly",NULL,332
1282,"Villers-la-Ville",NULL,332
1283,"Nil-Saint-Vincent-Saint-Martin",NULL,333
1284,"Tourinnes-Saint-Lambert",NULL,333
1285,"Walhain",NULL,333
1286,"Walhain-Saint-Paul",NULL,333
1287,"Waterloo",NULL,334
1288,"Bierges",NULL,335
1289,"Limal",NULL,335
1290,"Wavre","Waver",335
1291,"Arbre",NULL,336
1292,"Ath","Aat",336
1293,"Bouvignies",NULL,336
1294,"Ghislenghien",NULL,336
1295,"Gibecq",NULL,336
1296,"Houtaing",NULL,336
1297,"Irchonwelz",NULL,336
1298,"Isières",NULL,336
1299,"Lanquesaint",NULL,336
1300,"Ligne",NULL,336
1301,"Maffle",NULL,336
1302,"Mainvault",NULL,336
1303,"Meslin-l'Evêque",NULL,336
1304,"Moulbaix",NULL,336
1305,"Ormeignies",NULL,336
1306,"Ostiches",NULL,336
1307,"Rebaix",NULL,336
1308,"Villers-Notre-Dame",NULL,336
1309,"Villers-Saint-Amand",NULL,336
1310,"Aubechies",NULL,337
1311,"Basècles",NULL,337
1312,"Beloeil",NULL,337
1313,"Ellignies-Sainte-Anne",NULL,337
1314,"Grandglise",NULL,337
1315,"Quevaucamps",NULL,337
1316,"Ramegnies",NULL,337
1317,"Stambruges",NULL,337
1318,"Thumaide",NULL,337
1319,"Wadelincourt",NULL,337
1320,"Bernissart",NULL,338
1321,"Blaton",NULL,338
1322,"Harchies",NULL,338
1323,"Pommeroeul",NULL,338
1324,"Ville-Pommeroeul",NULL,338
1325,"Attre",NULL,339
1326,"Brugelette",NULL,339
1327,"Cambron-Casteau",NULL,339
1328,"Gages",NULL,339
1329,"Mévergnies-lez-Lens",NULL,339
1330,"Chièvres",NULL,340
1331,"Grosage",NULL,340
1332,"Huissignies",NULL,340
1333,"Ladeuze",NULL,340
1334,"Tongre-Notre-Dame",NULL,340
1335,"Tongre-Saint-Martin",NULL,340
1336,"Ellezelles","Elzele",341
1337,"Lahamaide",NULL,341
1338,"Wodecq",NULL,341
1339,"Flobecq","Vloesberg",342
1340,"Anvaing",NULL,343
1341,"Arc-Ainières",NULL,343
1342,"Arc-Wattripont",NULL,343
1343,"Buissenal",NULL,343
1344,"Cordes",NULL,343
1345,"Dergneau",NULL,343
1346,"Ellignies-lez-Frasnes",NULL,343
1347,"Forest",NULL,343
1348,"Frasnes-lez-Anvaing",NULL,343
1349,"Frasnes-lez-Buissenal",NULL,343
1350,"Hacquegnies",NULL,343
1351,"Herquegies",NULL,343
1352,"Montroeul-au-Bois",NULL,343
1353,"Moustier",NULL,343
1354,"Oeudeghien",NULL,343
1355,"Saint-Sauveur",NULL,343
1356,"Wattripont",NULL,343
1357,"Aiseau",NULL,344
1358,"Aiseau-Presles",NULL,344
1359,"Pont-de-Loup",NULL,344
1360,"Presles",NULL,344
1361,"Roselies",NULL,344
1362,"Chapelle-lez-Herlaimont",NULL,345
1363,"Godarville",NULL,345
1364,"Piéton",NULL,345
1365,"Charleroi",NULL,346
1366,"Couillet",NULL,346
1367,"Dampremy",NULL,346
1368,"Gilly",NULL,346
1369,"Gosselies",NULL,346
1370,"Goutroux",NULL,346
1371,"Jumet",NULL,346
1372,"Lodelinsart",NULL,346
1373,"Marchienne-au-Pont",NULL,346
1374,"Marcinelle",NULL,346
1375,"Monceau-sur-Sambre",NULL,346
1376,"Mont-sur-Marchienne",NULL,346
1377,"Montignies-sur-Sambre",NULL,346
1378,"Ransart",NULL,346
1379,"Roux",NULL,346
1380,"Bouffioulx",NULL,347
1381,"Châtelet",NULL,347
1382,"Châtelineau",NULL,347
1383,"Courcelles",NULL,348
1384,"Gouy-lez-Piéton",NULL,348
1385,"Souvret",NULL,348
1386,"Trazegnies",NULL,348
1387,"Farciennes",NULL,349
1388,"Pironchamps",NULL,349
1389,"Brye",NULL,350
1390,"Fleurus",NULL,350
1391,"Heppignies",NULL,350
1392,"Lambusart",NULL,350
1393,"Saint-Amand",NULL,350
1394,"Wagnelée",NULL,350
1395,"Wanfercée-Baulet",NULL,350
1396,"Wangenies",NULL,350
1397,"Fontaine-l'Evêque",NULL,351
1398,"Forchies-la-Marche",NULL,351
1399,"Leernes",NULL,351
1400,"Acoz",NULL,352
1401,"Gerpinnes",NULL,352
1402,"Gougnies",NULL,352
1403,"Joncret",NULL,352
1404,"Loverval",NULL,352
1405,"Villers-Poterie",NULL,352
1406,"Frasnes-lez-Gosselies",NULL,353
1407,"Les Bons Villers",NULL,353
1408,"Mellet",NULL,353
1409,"Rèves",NULL,353
1410,"Villers-Perwin",NULL,353
1411,"Wayaux",NULL,353
1412,"Bellecourt",NULL,354
1413,"Bois-d'Haine",NULL,354
1414,"Fayt-lez-Manage",NULL,354
1415,"La Hestre",NULL,354
1416,"Manage",NULL,354
1417,"Landelies",NULL,355
1418,"Montigny-le-Tilleul",NULL,355
1419,"Buzet",NULL,356
1420,"Liberchies",NULL,356
1421,"Luttre",NULL,356
1422,"Obaix",NULL,356
1423,"Pont-à-Celles",NULL,356
1424,"Thiméon",NULL,356
1425,"Viesville",NULL,356
1426,"Arquennes",NULL,357
1427,"Familleureux",NULL,357
1428,"Feluy",NULL,357
1429,"Petit-Roeulx-lez-Nivelles",NULL,357
1430,"Seneffe",NULL,357
1431,"Boussu",NULL,358
1432,"Hornu",NULL,358
1433,"Colfontaine",NULL,359
1434,"Paturages",NULL,359
1435,"Warquignies",NULL,359
1436,"Wasmes",NULL,359
1437,"Blaugies",NULL,360
1438,"Dour",NULL,360
1439,"Elouges",NULL,360
1440,"Wihéries",NULL,360
1441,"Eugies",NULL,361
1442,"Frameries",NULL,361
1443,"La Bouverie",NULL,361
1444,"Noirchain",NULL,361
1445,"Sars-la-Bruyère",NULL,361
1446,"Hainin",NULL,362
1447,"Hensies",NULL,362
1448,"Montroeul-sur-Haine",NULL,362
1449,"Thulin",NULL,362
1450,"Angre",NULL,363
1451,"Angreau",NULL,363
1452,"Athis",NULL,363
1453,"Autreppe",NULL,363
1454,"Erquennes",NULL,363
1455,"Fayt-le-Franc",NULL,363
1456,"Honnelles",NULL,363
1457,"Marchipont",NULL,363
1458,"Montignies-sur-Roc",NULL,363
1459,"Onnezies",NULL,363
1460,"Roisin",NULL,363
1461,"Erbaut",NULL,364
1462,"Erbisoeul",NULL,364
1463,"Herchies",NULL,364
1464,"Jurbise","Jurbeke",364
1465,"Masnuy-Saint-Jean",NULL,364
1466,"Masnuy-Saint-Pierre",NULL,364
1467,"Bauffe",NULL,365
1468,"Cambron-Saint-Vincent",NULL,365
1469,"Lens",NULL,365
1470,"Lombise",NULL,365
1471,"Montignies-lez-Lens",NULL,365
1472,"Ciply",NULL,366
1473,"Cuesmes",NULL,366
1474,"Flénu",NULL,366
1475,"Ghlin",NULL,366
1476,"Harmignies",NULL,366
1477,"Harveng",NULL,366
1478,"Havré",NULL,366
1479,"Hyon",NULL,366
1480,"Jemappes",NULL,366
1481,"Maisières",NULL,366
1482,"Mesvin",NULL,366
1483,"Mons","Bergen",366
1484,"Nimy",NULL,366
1485,"Nouvelles",NULL,366
1486,"Obourg",NULL,366
1487,"Saint-Denis",NULL,366
1488,"Saint-Symphorien",NULL,366
1489,"Spiennes",NULL,366
1490,"Villers-Saint-Ghislain",NULL,366
1491,"Quaregnon",NULL,367
1492,"Wasmuel",NULL,367
1493,"Asquillies",NULL,368
1494,"Aulnois",NULL,368
1495,"Blaregnies",NULL,368
1496,"Bougnies",NULL,368
1497,"Genly",NULL,368
1498,"Givry",NULL,368
1499,"Goegnies-Chaussée",NULL,368
1500,"Havay",NULL,368
1501,"Quévy",NULL,368
1502,"Quévy-le-Grand",NULL,368
1503,"Quévy-le-Petit",NULL,368
1504,"Audregnies",NULL,369
1505,"Baisieux",NULL,369
1506,"Quiévrain",NULL,369
1507,"Baudour",NULL,370
1508,"Hautrage",NULL,370
1509,"Neufmaison",NULL,370
1510,"Saint-Ghislain",NULL,370
1511,"Sirault",NULL,370
1512,"Tertre",NULL,370
1513,"Villerot",NULL,370
1514,"Bas-Warneton",NULL,371
1515,"Bizet",NULL,371
1516,"Comines",NULL,371
1517,"Comines-Warneton","Komen-Waasten",371
1518,"Houthem",NULL,371
1519,"Ploegsteert",NULL,371
1520,"Warneton",NULL,371
1521,"Dottignies",NULL,372
1522,"Herseaux",NULL,372
1523,"Luingne",NULL,372
1524,"Mouscron","Moeskroen",372
1525,"Braine-le-Comte","s Gravenbrakel",373
1526,"Hennuyères",NULL,373
1527,"Henripont",NULL,373
1528,"Petit-Roeulx-lez-Braine",NULL,373
1529,"Ronquières",NULL,373
1530,"Steenkerque",NULL,373
1531,"Ecaussinnes",NULL,374
1532,"Ecaussinnes-d'Enghien",NULL,374
1533,"Ecaussinnes-Lalaing",NULL,374
1534,"Marche-lez-Ecaussinnes",NULL,374
1535,"Enghien","Edingen",375
1536,"Marcq",NULL,375
1537,"Petit-Enghien",NULL,375
1538,"Boussoit",NULL,376
1539,"Haine-Saint-Paul",NULL,376
1540,"Haine-Saint-Pierre",NULL,376
1541,"Houdeng-Aimeries",NULL,376
1542,"Houdeng-Goegnies",NULL,376
1543,"La Louvière",NULL,376
1544,"Maurage",NULL,376
1545,"Saint-Vaast",NULL,376
1546,"Strépy-Bracquegnies",NULL,376
1547,"Trivières",NULL,376
1548,"Gottignies",NULL,377
1549,"Le Roeulx",NULL,377
1550,"Mignault",NULL,377
1551,"Thieu",NULL,377
1552,"Ville-sur-Haine",NULL,377
1553,"Bois-de-Lessines",NULL,378
1554,"Deux-Acren",NULL,378
1555,"Ghoy",NULL,378
1556,"Lessines","Lessen",378
1557,"Ogy",NULL,378
1558,"Ollignies",NULL,378
1559,"Papignies",NULL,378
1560,"Wannebecq",NULL,378
1561,"Bassilly",NULL,379
1562,"Fouleng",NULL,379
1563,"Gondregnies",NULL,379
1564,"Graty",NULL,379
1565,"Hellebecq",NULL,379
1566,"Hoves",NULL,379
1567,"Silly","Opzullik",379
1568,"Thoricourt",NULL,379
1569,"Casteau",NULL,380
1570,"Chaussée-Notre-Dame-Louvignies",NULL,380
1571,"Horrues",NULL,380
1572,"Naast",NULL,380
1573,"Neufvilles",NULL,380
1574,"Soignies","Zinnik",380
1575,"Thieusies",NULL,380
1576,"Anderlues",NULL,381
1577,"Barbençon",NULL,382
1578,"Beaumont",NULL,382
1579,"Leugnies",NULL,382
1580,"Leval-Chaudeville",NULL,382
1581,"Renlies",NULL,382
1582,"Solre-Saint-Géry",NULL,382
1583,"Strée",NULL,382
1584,"Thirimont",NULL,382
1585,"Battignies",NULL,383
1586,"Binche",NULL,383
1587,"Bray",NULL,383
1588,"Buvrinnes",NULL,383
1589,"Epinois",NULL,383
1590,"Leval-Trahegnies",NULL,383
1591,"Péronnes-lez-Binche",NULL,383
1592,"Ressaix",NULL,383
1593,"Waudrez",NULL,383
1594,"Baileux",NULL,384
1595,"Bailièvre",NULL,384
1596,"Bourlers",NULL,384
1597,"Chimay",NULL,384
1598,"Forges",NULL,384
1599,"l'Escaillère",NULL,384
1600,"Lompret",NULL,384
1601,"Rièzes",NULL,384
1602,"Robechies",NULL,384
1603,"Saint-Remy",NULL,384
1604,"Salles",NULL,384
1605,"Vaulx-lez-Chimay",NULL,384
1606,"Villers-la-Tour",NULL,384
1607,"Virelles",NULL,384
1608,"Bersillies-l'Abbaye",NULL,385
1609,"Erquelinnes",NULL,385
1610,"Grand-Reng",NULL,385
1611,"Hantes-Wihéries",NULL,385
1612,"Montignies-Saint-Christophe",NULL,385
1613,"Solre-sur-Sambre",NULL,385
1614,"Croix-lez-Rouveroy",NULL,386
1615,"Estinnes",NULL,386
1616,"Estinnes-au-Mont",NULL,386
1617,"Estinnes-au-Val",NULL,386
1618,"Fauroeulx",NULL,386
1619,"Haulchin",NULL,386
1620,"Peissant",NULL,386
1621,"Rouveroy",NULL,386
1622,"Vellereille-le-Sec",NULL,386
1623,"Vellereille-les-Brayeux",NULL,386
1624,"Boussu-lez-Walcourt",NULL,387
1625,"Erpion",NULL,387
1626,"Fourbechies",NULL,387
1627,"Froidchapelle",NULL,387
1628,"Vergnies",NULL,387
1629,"Cour-sur-Heure",NULL,388
1630,"Ham-sur-Heure",NULL,388
1631,"Ham-sur-Heure-Nalinnes",NULL,388
1632,"Jamioulx",NULL,388
1633,"Marbaix",NULL,388
1634,"Nalinnes",NULL,388
1635,"Bienne-lez-Happart",NULL,389
1636,"Lobbes",NULL,389
1637,"Mont-Sainte-Geneviève",NULL,389
1638,"Sars-la-Buissière",NULL,389
1639,"Fontaine-Valmont",NULL,390
1640,"Labuissière",NULL,390
1641,"Merbes-le-Château",NULL,390
1642,"Merbes-Sainte-Marie",NULL,390
1643,"Beauwelz",NULL,391
1644,"Forges-Philippe",NULL,391
1645,"Macon",NULL,391
1646,"Macquenoise",NULL,391
1647,"Momignies",NULL,391
1648,"Monceau-Imbrechies",NULL,391
1649,"Seloignes",NULL,391
1650,"Carnières",NULL,392
1651,"Mont-Sainte-Aldegonde",NULL,392
1652,"Morlanwelz",NULL,392
1653,"Morlanwelz-Mariemont",NULL,392
1654,"Grandrieu",NULL,393
1655,"Montbliart",NULL,393
1656,"Rance",NULL,393
1657,"Sautin",NULL,393
1658,"Sivry",NULL,393
1659,"Sivry-Rance",NULL,393
1660,"Biercée",NULL,394
1661,"Biesme-sous-Thuin",NULL,394
1662,"Donstiennes",NULL,394
1663,"Gozée",NULL,394
1664,"Leers-et-Fosteau",NULL,394
1665,"Ragnies",NULL,394
1666,"Thuillies",NULL,394
1667,"Thuin",NULL,394
1668,"Antoing",NULL,395
1669,"Bruyelle",NULL,395
1670,"Calonne",NULL,395
1671,"Fontenoy",NULL,395
1672,"Maubray",NULL,395
1673,"Péronnes-lez-Antoing",NULL,395
1674,"Bléharies",NULL,396
1675,"Brunehaut",NULL,396
1676,"Guignies",NULL,396
1677,"Hollain",NULL,396
1678,"Howardries",NULL,396
1679,"Jollain-Merlin",NULL,396
1680,"Laplaigne",NULL,396
1681,"Lesdain",NULL,396
1682,"Rongy",NULL,396
1683,"Wez-Velvain",NULL,396
1684,"Celles",NULL,397
1685,"Escanaffles",NULL,397
1686,"Molenbaix",NULL,397
1687,"Popuelles",NULL,397
1688,"Pottes",NULL,397
1689,"Velaines",NULL,397
1690,"Bailleul",NULL,398
1691,"Estaimbourg",NULL,398
1692,"Estaimpuis",NULL,398
1693,"Evregnies",NULL,398
1694,"Leers-Nord",NULL,398
1695,"Néchin",NULL,398
1696,"Saint-Léger",NULL,398
1697,"Blicquy",NULL,399
1698,"Chapelle-à-Oie",NULL,399
1699,"Chapelle-à-Wattines",NULL,399
1700,"Gallaix",NULL,399
1701,"Grandmetz",NULL,399
1702,"Leuze-en-Hainaut",NULL,399
1703,"Pipaix",NULL,399
1704,"Thieulain",NULL,399
1705,"Tourpes",NULL,399
1706,"Willaupuis",NULL,399
1707,"Amougies",NULL,400
1708,"Anseroeul",NULL,400
1709,"Mont-de-l'Enclus",NULL,400
1710,"Orroir",NULL,400
1711,"Russeignies",NULL,400
1712,"Esquelmes",NULL,401
1713,"Hérinnes-lez-Pecq",NULL,401
1714,"Obigies",NULL,401
1715,"Pecq",NULL,401
1716,"Warcoing",NULL,401
1717,"Baugnies",NULL,402
1718,"Bon-Secours",NULL,402
1719,"Braffe",NULL,402
1720,"Brasmenil",NULL,402
1721,"Bury",NULL,402
1722,"Callenelle",NULL,402
1723,"Péruwelz",NULL,402
1724,"Roucourt",NULL,402
1725,"Wasmes-Audemez-Briffoeil",NULL,402
1726,"Wiers",NULL,402
1727,"La Glanerie",NULL,403
1728,"Rumes",NULL,403
1729,"Taintignies",NULL,403
1730,"Barry",NULL,404
1731,"Beclers",NULL,404
1732,"Blandain",NULL,404
1733,"Chercq",NULL,404
1734,"Ere",NULL,404
1735,"Esplechin",NULL,404
1736,"Froidmont",NULL,404
1737,"Froyennes",NULL,404
1738,"Gaurain-Ramecroix",NULL,404
1739,"Havinnes",NULL,404
1740,"Hertain",NULL,404
1741,"Kain",NULL,404
1742,"Lamain",NULL,404
1743,"Marquain",NULL,404
1744,"Maulde",NULL,404
1745,"Melles",NULL,404
1746,"Mont-Saint-Aubert",NULL,404
1747,"Mourcourt",NULL,404
1748,"Orcq",NULL,404
1749,"Quartes",NULL,404
1750,"Ramegnies-Chin",NULL,404
1751,"Rumillies",NULL,404
1752,"Saint-Maur",NULL,404
1753,"Templeuve",NULL,404
1754,"Thimougies",NULL,404
1755,"Tournai","Doornik",404
1756,"Vaulx",NULL,404
1757,"Vezon",NULL,404
1758,"Warchin",NULL,404
1759,"Willemeau",NULL,404
1760,"Amay",NULL,405
1761,"Ampsin",NULL,405
1762,"Flône",NULL,405
1763,"Jehay",NULL,405
1764,"Ombret",NULL,405
1765,"Anthisnes",NULL,406
1766,"Hody",NULL,406
1767,"Tavier",NULL,406
1768,"Villers-aux-Tours",NULL,406
1769,"Burdinne",NULL,407
1770,"Hannêche",NULL,407
1771,"Lamontzée",NULL,407
1772,"Marneffe",NULL,407
1773,"Oteppe",NULL,407
1774,"Bois-et-Borsu",NULL,408
1775,"Clavier",NULL,408
1776,"Les Avins",NULL,408
1777,"Ocquier",NULL,408
1778,"Pailhe",NULL,408
1779,"Terwagne",NULL,408
1780,"Clermont-sous-Huy",NULL,409
1781,"Engis",NULL,409
1782,"Hermalle-sous-Huy",NULL,409
1783,"Ferrières",NULL,410
1784,"My",NULL,410
1785,"Vieuxville",NULL,410
1786,"Werbomont",NULL,410
1787,"Xhoris",NULL,410
1788,"Comblain-Fairon",NULL,411
1789,"Comblain-la-Tour",NULL,411
1790,"Filot",NULL,411
1791,"Hamoir",NULL,411
1792,"Couthuin",NULL,412
1793,"Héron",NULL,412
1794,"Lavoir",NULL,412
1795,"Waret-l'Evêque",NULL,412
1796,"Ben-Ahin",NULL,413
1797,"Huy","Hoei",413
1798,"Tihange",NULL,413
1799,"Marchin",NULL,414
1800,"Vyle-et-Tharoul",NULL,414
1801,"Modave",NULL,415
1802,"Outrelouxhe",NULL,415
1803,"Strée-lez-Huy",NULL,415
1804,"Vierset-Barse",NULL,415
1805,"Nandrin",NULL,416
1806,"Saint-Séverin",NULL,416
1807,"Villers-le-Temple",NULL,416
1808,"Yernée-Fraineux",NULL,416
1809,"Ellemelle",NULL,417
1810,"Ouffet",NULL,417
1811,"Warzée",NULL,417
1812,"Abée",NULL,418
1813,"Fraiture",NULL,418
1814,"Ramelot",NULL,418
1815,"Seny",NULL,418
1816,"Soheit-Tinlot",NULL,418
1817,"Tinlot",NULL,418
1818,"Chapon-Seraing",NULL,419
1819,"Seraing-le-Château",NULL,419
1820,"Verlaine",NULL,419
1821,"Fize-Fontaine",NULL,420
1822,"Vaux-et-Borset",NULL,420
1823,"Vieux-Waleffe",NULL,420
1824,"Villers-le-Bouillet",NULL,420
1825,"Warnant-Dreye",NULL,420
1826,"Antheit",NULL,421
1827,"Bas-Oha",NULL,421
1828,"Huccorgne",NULL,421
1829,"Moha",NULL,421
1830,"Vinalmont",NULL,421
1831,"Wanze",NULL,421
1832,"Alleur",NULL,422
1833,"Ans",NULL,422
1834,"Loncin",NULL,422
1835,"Xhendremael",NULL,422
1836,"Awans",NULL,423
1837,"Fooz",NULL,423
1838,"Hognoul",NULL,423
1839,"Othée",NULL,423
1840,"Villers-l'Evêque",NULL,423
1841,"Aywaille",NULL,424
1842,"Ernonheid",NULL,424
1843,"Harzé",NULL,424
1844,"Sougné-Remouchamps",NULL,424
1845,"Bassenge","Bitsingen",425
1846,"Boirs",NULL,425
1847,"Eben-Emael",NULL,425
1848,"Glons",NULL,425
1849,"Roclenge-sur-Geer",NULL,425
1850,"Wonck",NULL,425
1851,"Bellaire",NULL,426
1852,"Beyne-Heusay",NULL,426
1853,"Queue-du-Bois",NULL,426
1854,"Barchon",NULL,427
1855,"Blégny",NULL,427
1856,"Housse",NULL,427
1857,"Mortier",NULL,427
1858,"Saint-Remy",NULL,427
1859,"Saive",NULL,427
1860,"Trembleur",NULL,427
1861,"Beaufays",NULL,428
1862,"Chaudfontaine",NULL,428
1863,"Embourg",NULL,428
1864,"Vaux-sous-Chèvremont",NULL,428
1865,"Comblain-au-Pont",NULL,429
1866,"Poulseur",NULL,429
1867,"Berneau",NULL,430
1868,"Bombaye",NULL,430
1869,"Dalhem",NULL,430
1870,"Feneur",NULL,430
1871,"Mortroux",NULL,430
1872,"Neufchâteau",NULL,430
1873,"Saint-André",NULL,430
1874,"Warsage",NULL,430
1875,"Esneux",NULL,431
1876,"Tilff",NULL,431
1877,"Awirs",NULL,432
1878,"Chokier",NULL,432
1879,"Flémalle",NULL,432
1880,"Flémalle-Grande",NULL,432
1881,"Flémalle-Haute",NULL,432
1882,"Gleixhe",NULL,432
1883,"Ivoz-Ramet",NULL,432
1884,"Mons-lez-Liège",NULL,432
1885,"Fléron",NULL,433
1886,"Magnée",NULL,433
1887,"Retinne",NULL,433
1888,"Romsée",NULL,433
1889,"Bierset",NULL,434
1890,"Grâce-Berleur",NULL,434
1891,"Grâce-Hollogne",NULL,434
1892,"Hollogne-aux-Pierres",NULL,434
1893,"Horion-Hozémont",NULL,434
1894,"Velroux",NULL,434
1895,"Herstal",NULL,435
1896,"Liers",NULL,435
1897,"Milmort",NULL,435
1898,"Vottem",NULL,435
1899,"Fexhe-Slins",NULL,436
1900,"Juprelle",NULL,436
1901,"Lantin",NULL,436
1902,"Paifve",NULL,436
1903,"Slins",NULL,436
1904,"Villers-Saint-Siméon",NULL,436
1905,"Voroux-lez-Liers",NULL,436
1906,"Wihogne",NULL,436
1907,"Angleur",NULL,437
1908,"Bressoux",NULL,437
1909,"Chênée",NULL,437
1910,"Glain",NULL,437
1911,"Grivegnée",NULL,437
1912,"Jupille-sur-Meuse",NULL,437
1913,"Liège","Luik",437
1914,"Rocourt",NULL,437
1915,"Wandre",NULL,437
1916,"Ehein",NULL,438
1917,"Neupré",NULL,438
1918,"Neuville-en-Condroz",NULL,438
1919,"Plainevaux",NULL,438
1920,"Rotheux-Rimière",NULL,438
1921,"Haccourt",NULL,439
1922,"Hermalle-sous-Argenteau",NULL,439
1923,"Hermée",NULL,439
1924,"Heure-le-Romain",NULL,439
1925,"Houtain-Saint-Siméon",NULL,439
1926,"Oupeye",NULL,439
1927,"Vivegnis",NULL,439
1928,"Montegnée",NULL,440
1929,"Saint-Nicolas",NULL,440
1930,"Tilleur",NULL,440
1931,"Boncelles",NULL,441
1932,"Jemeppe-sur-Meuse",NULL,441
1933,"Ougrée",NULL,441
1934,"Seraing",NULL,441
1935,"Ayeneux",NULL,442
1936,"Cérexhe-Heuseux",NULL,442
1937,"Evegnée",NULL,442
1938,"Melen",NULL,442
1939,"Micheroux",NULL,442
1940,"Soumagne",NULL,442
1941,"Tignée",NULL,442
1942,"Dolembreux",NULL,443
1943,"Gomzé-Andoumont",NULL,443
1944,"Louveigné",NULL,443
1945,"Rouvreux",NULL,443
1946,"Sprimont",NULL,443
1947,"Forêt",NULL,444
1948,"Fraipont",NULL,444
1949,"Nessonvaux",NULL,444
1950,"Trooz",NULL,444
1951,"Argenteau",NULL,445
1952,"Cheratte",NULL,445
1953,"Lanaye",NULL,445
1954,"Lixhe",NULL,445
1955,"Richelle",NULL,445
1956,"Visé","Wezet",445
1957,"Amblève","Amel",446
1958,"Heppenbach",NULL,446
1959,"Meyerode",NULL,446
1960,"Aubel",NULL,447
1961,"Baelen",NULL,448
1962,"Membach",NULL,448
1963,"Bullange","Büllingen",449
1964,"Manderfeld",NULL,449
1965,"Rocherath",NULL,449
1966,"Burg-Reuland",NULL,450
1967,"Reuland",NULL,450
1968,"Thommen",NULL,450
1969,"Butgenbach","Bütgenbach",451
1970,"Elsenborn",NULL,451
1971,"Andrimont",NULL,452
1972,"Dison",NULL,452
1973,"Eupen",NULL,453
1974,"Kettenis",NULL,453
1975,"Battice",NULL,454
1976,"Bolland",NULL,454
1977,"Chaineux",NULL,454
1978,"Charneux",NULL,454
1979,"Grand-Rechain",NULL,454
1980,"Herve",NULL,454
1981,"Julémont",NULL,454
1982,"Xhendelesse",NULL,454
1983,"Jalhay",NULL,455
1984,"Sart-lez-Spa",NULL,455
1985,"La Calamine","Kelmis",456
1986,"Neu-Moresnet",NULL,456
1987,"Arbrefontaine",NULL,457
1988,"Bra",NULL,457
1989,"Lierneux",NULL,457
1990,"Bilstain",NULL,458
1991,"Goé",NULL,458
1992,"Limbourg","Limburg",458
1993,"Lontzen",NULL,459
1994,"Walhorn",NULL,459
1995,"Bellevaux-Ligneuville",NULL,460
1996,"Bevercé",NULL,460
1997,"Malmedy",NULL,460
1998,"Olne",NULL,461
1999,"Cornesse",NULL,462
2000,"Pepinster",NULL,462
2001,"Soiron",NULL,462
2002,"Wegnez",NULL,462
2003,"Gemmenich",NULL,463
2004,"Hombourg",NULL,463
2005,"Montzen",NULL,463
2006,"Moresnet",NULL,463
2007,"Plombières",NULL,463
2008,"Sippenaeken",NULL,463
2009,"Eynatten",NULL,464
2010,"Hauset",NULL,464
2011,"Raeren",NULL,464
2012,"Crombach",NULL,465
2013,"Lommersweiler",NULL,465
2014,"Recht",NULL,465
2015,"Saint-Vith","Sankt Vith",465
2016,"Schoenberg",NULL,465
2017,"Spa",NULL,466
2018,"Francorchamps",NULL,467
2019,"Stavelot",NULL,467
2020,"Chevron",NULL,468
2021,"La Gleize",NULL,468
2022,"Lorcé",NULL,468
2023,"Rahier",NULL,468
2024,"Stoumont",NULL,468
2025,"La Reid",NULL,469
2026,"Polleur",NULL,469
2027,"Theux",NULL,469
2028,"Clermont",NULL,470
2029,"Thimister",NULL,470
2030,"Thimister-Clermont",NULL,470
2031,"Basse-Bodeux",NULL,471
2032,"Fosse",NULL,471
2033,"Trois-Ponts",NULL,471
2034,"Wanne",NULL,471
2035,"Ensival",NULL,472
2036,"Heusy",NULL,472
2037,"Lambermont",NULL,472
2038,"Petit-Rechain",NULL,472
2039,"Stembert",NULL,472
2040,"Verviers",NULL,472
2041,"Faymonville",NULL,473
2042,"Robertville",NULL,473
2043,"Sourbrodt",NULL,473
2044,"Waimes","Weismes",473
2045,"Henri-Chapelle",NULL,474
2046,"Welkenraedt",NULL,474
2047,"Berloz",NULL,475
2048,"Corswarem",NULL,475
2049,"Rosoux-Crenwick",NULL,475
2050,"Avennes",NULL,476
2051,"Braives",NULL,476
2052,"Ciplet",NULL,476
2053,"Fallais",NULL,476
2054,"Fumal",NULL,476
2055,"Latinne",NULL,476
2056,"Tourinne",NULL,476
2057,"Ville-en-Hesbaye",NULL,476
2058,"Crisnée",NULL,477
2059,"Fize-le-Marsal",NULL,477
2060,"Kemexhe",NULL,477
2061,"Odeur",NULL,477
2062,"Thys",NULL,477
2063,"Donceel",NULL,478
2064,"Haneffe",NULL,478
2065,"Jeneffe",NULL,478
2066,"Limont",NULL,478
2067,"Aineffe",NULL,479
2068,"Borlez",NULL,479
2069,"Celles",NULL,479
2070,"Faimes",NULL,479
2071,"Les Waleffes",NULL,479
2072,"Viemme",NULL,479
2073,"Fexhe-le-Haut-Clocher",NULL,480
2074,"Freloux",NULL,480
2075,"Noville",NULL,480
2076,"Roloux",NULL,480
2077,"Voroux-Goreux",NULL,480
2078,"Boëlhe",NULL,481
2079,"Darion",NULL,481
2080,"Geer",NULL,481
2081,"Hollogne-sur-Geer",NULL,481
2082,"Lens-Saint-Servais",NULL,481
2083,"Ligney",NULL,481
2084,"Omal",NULL,481
2085,"Abolens",NULL,482
2086,"Avernas-le-Bauduin",NULL,482
2087,"Avin",NULL,482
2088,"Bertrée",NULL,482
2089,"Blehen",NULL,482
2090,"Cras-Avernas",NULL,482
2091,"Crehen",NULL,482
2092,"Grand-Hallet",NULL,482
2093,"Hannut","Hannuit",482
2094,"Lens-Saint-Remy",NULL,482
2095,"Merdorp",NULL,482
2096,"Moxhe",NULL,482
2097,"Petit-Hallet",NULL,482
2098,"Poucet",NULL,482
2099,"Thisnes",NULL,482
2100,"Trognée",NULL,482
2101,"Villers-le-Peuplier",NULL,482
2102,"Wansin",NULL,482
2103,"Lincent","Lijsem",483
2104,"Pellaines",NULL,483
2105,"Racour",NULL,483
2106,"Bergilers",NULL,484
2107,"Grandville",NULL,484
2108,"Lens-sur-Geer",NULL,484
2109,"Oreye","Oerle",484
2110,"Otrange",NULL,484
2111,"Hodeige",NULL,485
2112,"Lamine",NULL,485
2113,"Momalle",NULL,485
2114,"Pousset",NULL,485
2115,"Remicourt",NULL,485
2116,"Saint-Georges-sur-Meuse",NULL,486
2117,"Bettincourt",NULL,487
2118,"Bleret",NULL,487
2119,"Bovenistier",NULL,487
2120,"Grand-Axhe",NULL,487
2121,"Lantremange",NULL,487
2122,"Oleye",NULL,487
2123,"Waremme","Borgworm",487
2124,"Acosse",NULL,488
2125,"Ambresin",NULL,488
2126,"Meeffe",NULL,488
2127,"Wasseiges",NULL,488
2128,"Arlon","Aarlen",489
2129,"Autelbas",NULL,489
2130,"Bonnert",NULL,489
2131,"Guirsch",NULL,489
2132,"Heinsch",NULL,489
2133,"Toernich",NULL,489
2134,"Attert",NULL,490
2135,"Nobressart",NULL,490
2136,"Nothomb",NULL,490
2137,"Thiaumont",NULL,490
2138,"Tontelange",NULL,490
2139,"Athus",NULL,491
2140,"Aubange",NULL,491
2141,"Halanzy",NULL,491
2142,"Rachecourt",NULL,491
2143,"Martelange",NULL,492
2144,"Habergy",NULL,493
2145,"Hondelange",NULL,493
2146,"Messancy",NULL,493
2147,"Sélange",NULL,493
2148,"Wolkrange",NULL,493
2149,"Bastogne","Bastenaken",494
2150,"Longvilly",NULL,494
2151,"Noville",NULL,494
2152,"Villers-la-Bonne-Eau",NULL,494
2153,"Wardin",NULL,494
2154,"Bertogne",NULL,495
2155,"Flamierge",NULL,495
2156,"Longchamps",NULL,495
2157,"Fauvillers",NULL,496
2158,"Hollange",NULL,496
2159,"Tintange",NULL,496
2160,"Beho",NULL,497
2161,"Bovigny",NULL,497
2162,"Cherain",NULL,497
2163,"Gouvy",NULL,497
2164,"Limerlé",NULL,497
2165,"Montleban",NULL,497
2166,"Houffalize",NULL,498
2167,"Mabompré",NULL,498
2168,"Mont",NULL,498
2169,"Nadrin",NULL,498
2170,"Tailles",NULL,498
2171,"Tavigny",NULL,498
2172,"Wibrin",NULL,498
2173,"Amberloup",NULL,499
2174,"Lavacherie",NULL,499
2175,"Sainte-Ode",NULL,499
2176,"Tillet",NULL,499
2177,"Hompré",NULL,500
2178,"Juseret",NULL,500
2179,"Morhet",NULL,500
2180,"Nives",NULL,500
2181,"Sibret",NULL,500
2182,"Vaux-lez-Rosières",NULL,500
2183,"Vaux-sur-Sûre",NULL,500
2184,"Bihain",NULL,501
2185,"Grand-Halleux",NULL,501
2186,"Petit-Thier",NULL,501
2187,"Vielsalm",NULL,501
2188,"Barvaux-sur-Ourthe",NULL,502
2189,"Bende",NULL,502
2190,"Bomal-sur-Ourthe",NULL,502
2191,"Borlon",NULL,502
2192,"Durbuy",NULL,502
2193,"Grandhan",NULL,502
2194,"Heyd",NULL,502
2195,"Izier",NULL,502
2196,"Septon",NULL,502
2197,"Tohogne",NULL,502
2198,"Villers-Sainte-Gertrude",NULL,502
2199,"Wéris",NULL,502
2200,"Amonines",NULL,503
2201,"Erezée",NULL,503
2202,"Mormont",NULL,503
2203,"Soy",NULL,503
2204,"Fronville",NULL,504
2205,"Hampteau",NULL,504
2206,"Hotton",NULL,504
2207,"Marenne",NULL,504
2208,"Beausaint",NULL,505
2209,"Halleux",NULL,505
2210,"Hives",NULL,505
2211,"La Roche-en-Ardenne",NULL,505
2212,"Ortho",NULL,505
2213,"Samrée",NULL,505
2214,"Dochamps",NULL,506
2215,"Grandmenil",NULL,506
2216,"Harre",NULL,506
2217,"Malempré",NULL,506
2218,"Manhay",NULL,506
2219,"Odeigne",NULL,506
2220,"Vaux-Chavanne",NULL,506
2221,"Aye",NULL,507
2222,"Hargimont",NULL,507
2223,"Humain",NULL,507
2224,"Marche-en-Famenne",NULL,507
2225,"On",NULL,507
2226,"Roy",NULL,507
2227,"Waha",NULL,507
2228,"Ambly",NULL,508
2229,"Bande",NULL,508
2230,"Forrières",NULL,508
2231,"Grune",NULL,508
2232,"Harsin",NULL,508
2233,"Lesterny",NULL,508
2234,"Masbourg",NULL,508
2235,"Nassogne",NULL,508
2236,"Beffe",NULL,509
2237,"Hodister",NULL,509
2238,"Marcourt",NULL,509
2239,"Rendeux",NULL,509
2240,"Champlon",NULL,510
2241,"Erneuville",NULL,510
2242,"Tenneville",NULL,510
2243,"Auby-sur-Semois",NULL,511
2244,"Bertrix",NULL,511
2245,"Cugnon",NULL,511
2246,"Jehonville",NULL,511
2247,"Orgeo",NULL,511
2248,"Bellevaux",NULL,512
2249,"Bouillon",NULL,512
2250,"Corbion",NULL,512
2251,"Dohan",NULL,512
2252,"Les Hayons",NULL,512
2253,"Noirefontaine",NULL,512
2254,"Poupehan",NULL,512
2255,"Rochehaut",NULL,512
2256,"Sensenruth",NULL,512
2257,"Ucimont",NULL,512
2258,"Vivy",NULL,512
2259,"Daverdisse",NULL,513
2260,"Gembes",NULL,513
2261,"Haut-Fays",NULL,513
2262,"Porcheresse",NULL,513
2263,"Herbeumont",NULL,514
2264,"Saint-Médard",NULL,514
2265,"Straimont",NULL,514
2266,"Assenois",NULL,515
2267,"Ebly",NULL,515
2268,"Léglise",NULL,515
2269,"Mellier",NULL,515
2270,"Witry",NULL,515
2271,"Anloy",NULL,516
2272,"Libin",NULL,516
2273,"Ochamps",NULL,516
2274,"Redu",NULL,516
2275,"Smuid",NULL,516
2276,"Transinne",NULL,516
2277,"Villance",NULL,516
2278,"Bras",NULL,517
2279,"Freux",NULL,517
2280,"Libramont",NULL,517
2281,"Libramont-Chevigny",NULL,517
2282,"Moircy",NULL,517
2283,"Recogne",NULL,517
2284,"Remagne",NULL,517
2285,"Saint-Pierre",NULL,517
2286,"Sainte-Marie-Chevigny",NULL,517
2287,"Grandvoir",NULL,518
2288,"Grapfontaine",NULL,518
2289,"Hamipré",NULL,518
2290,"Longlier",NULL,518
2291,"Neufchâteau",NULL,518
2292,"Tournay",NULL,518
2293,"Carlsbourg",NULL,519
2294,"Fays-les-Veneurs",NULL,519
2295,"Framont",NULL,519
2296,"Maissin",NULL,519
2297,"Nollevaux",NULL,519
2298,"Offagne",NULL,519
2299,"Opont",NULL,519
2300,"Paliseul",NULL,519
2301,"Arville",NULL,520
2302,"Awenne",NULL,520
2303,"Hatrival",NULL,520
2304,"Mirwart",NULL,520
2305,"Saint-Hubert",NULL,520
2306,"Vesqueville",NULL,520
2307,"Bure",NULL,521
2308,"Grupont",NULL,521
2309,"Resteigne",NULL,521
2310,"Tellin",NULL,521
2311,"Chanly",NULL,522
2312,"Halma",NULL,522
2313,"Lomprez",NULL,522
2314,"Sohier",NULL,522
2315,"Wellin",NULL,522
2316,"Chiny",NULL,523
2317,"Izel",NULL,523
2318,"Jamoigne",NULL,523
2319,"Les Bulles",NULL,523
2320,"Suxy",NULL,523
2321,"Termes",NULL,523
2322,"Buzenol",NULL,524
2323,"Chantemelle",NULL,524
2324,"Etalle",NULL,524
2325,"Sainte-Marie-sur-Semois",NULL,524
2326,"Vance",NULL,524
2327,"Villers-sur-Semois",NULL,524
2328,"Chassepierre",NULL,525
2329,"Florenville",NULL,525
2330,"Fontenoille",NULL,525
2331,"Lacuisine",NULL,525
2332,"Muno",NULL,525
2333,"Sainte-Cécile",NULL,525
2334,"Villers-devant-Orval",NULL,525
2335,"Anlier",NULL,526
2336,"Habay",NULL,526
2337,"Habay-la-Neuve",NULL,526
2338,"Habay-la-Vieille",NULL,526
2339,"Hachy",NULL,526
2340,"Houdemont",NULL,526
2341,"Marbehan",NULL,526
2342,"Rulles",NULL,526
2343,"Gérouville",NULL,527
2344,"Meix-devant-Virton",NULL,527
2345,"Robelmont",NULL,527
2346,"Sommethonne",NULL,527
2347,"Villers-la-Loue",NULL,527
2348,"Musson",NULL,528
2349,"Mussy-la-Ville",NULL,528
2350,"Signeulx",NULL,528
2351,"Dampicourt",NULL,529
2352,"Harnoncourt",NULL,529
2353,"Lamorteau",NULL,529
2354,"Rouvroy",NULL,529
2355,"Torgny",NULL,529
2356,"Châtillon",NULL,530
2357,"Meix-le-Tige",NULL,530
2358,"Saint-Léger",NULL,530
2359,"Bellefontaine",NULL,531
2360,"Rossignol",NULL,531
2361,"Saint-Vincent",NULL,531
2362,"Tintigny",NULL,531
2363,"Bleid",NULL,532
2364,"Ethe",NULL,532
2365,"Latour",NULL,532
2366,"Ruette",NULL,532
2367,"Saint-Mard",NULL,532
2368,"Virton",NULL,532
2369,"Anhée",NULL,533
2370,"Annevoie-Rouillon",NULL,533
2371,"Bioul",NULL,533
2372,"Denée",NULL,533
2373,"Haut-le-Wastia",NULL,533
2374,"Sosoye",NULL,533
2375,"Warnant",NULL,533
2376,"Baronville",NULL,534
2377,"Beauraing",NULL,534
2378,"Dion",NULL,534
2379,"Felenne",NULL,534
2380,"Feschaux",NULL,534
2381,"Focant",NULL,534
2382,"Froidfontaine",NULL,534
2383,"Honnay",NULL,534
2384,"Javingue",NULL,534
2385,"Martouzin-Neuville",NULL,534
2386,"Pondrôme",NULL,534
2387,"Vonêche",NULL,534
2388,"Wancennes",NULL,534
2389,"Wiesme",NULL,534
2390,"Winenne",NULL,534
2391,"Baillamont",NULL,535
2392,"Bellefontaine",NULL,535
2393,"Bièvre",NULL,535
2394,"Cornimont",NULL,535
2395,"Graide",NULL,535
2396,"Gros-Fays",NULL,535
2397,"Monceau-en-Ardenne",NULL,535
2398,"Naomé",NULL,535
2399,"Oizy",NULL,535
2400,"Petit-Fays",NULL,535
2401,"Achêne",NULL,536
2402,"Braibant",NULL,536
2403,"Chevetogne",NULL,536
2404,"Ciney",NULL,536
2405,"Conneux",NULL,536
2406,"Haversin",NULL,536
2407,"Leignon",NULL,536
2408,"Pessoux",NULL,536
2409,"Serinchamps",NULL,536
2410,"Sovet",NULL,536
2411,"Anseremme",NULL,537
2412,"Bouvignes-sur-Meuse",NULL,537
2413,"Dinant",NULL,537
2414,"Dréhance",NULL,537
2415,"Falmagne",NULL,537
2416,"Falmignoul",NULL,537
2417,"Foy-Notre-Dame",NULL,537
2418,"Furfooz",NULL,537
2419,"Lisogne",NULL,537
2420,"Sorinnes",NULL,537
2421,"Thynes",NULL,537
2422,"Bourseigne-Neuve",NULL,538
2423,"Bourseigne-Vieille",NULL,538
2424,"Gedinne",NULL,538
2425,"Houdremont",NULL,538
2426,"Louette-Saint-Denis",NULL,538
2427,"Louette-Saint-Pierre",NULL,538
2428,"Malvoisin",NULL,538
2429,"Patignies",NULL,538
2430,"Rienne",NULL,538
2431,"Sart-Custinne",NULL,538
2432,"Vencimont",NULL,538
2433,"Willerzie",NULL,538
2434,"Achet",NULL,539
2435,"Emptinne",NULL,539
2436,"Hamois",NULL,539
2437,"Mohiville",NULL,539
2438,"Natoye",NULL,539
2439,"Schaltin",NULL,539
2440,"Scy",NULL,539
2441,"Agimont",NULL,540
2442,"Blaimont",NULL,540
2443,"Hastière",NULL,540
2444,"Hastière-Lavaux",NULL,540
2445,"Hastière-par-Delà",NULL,540
2446,"Heer",NULL,540
2447,"Hermeton-sur-Meuse",NULL,540
2448,"Waulsort",NULL,540
2449,"Barvaux-Condroz",NULL,541
2450,"Flostoy",NULL,541
2451,"Havelange",NULL,541
2452,"Jeneffe",NULL,541
2453,"Maffe",NULL,541
2454,"Méan",NULL,541
2455,"Miécret",NULL,541
2456,"Porcheresse",NULL,541
2457,"Verlée",NULL,541
2458,"Celles",NULL,542
2459,"Ciergnon",NULL,542
2460,"Custinne",NULL,542
2461,"Finnevaux",NULL,542
2462,"Hour",NULL,542
2463,"Houyet",NULL,542
2464,"Hulsonniaux",NULL,542
2465,"Mesnil-Eglise",NULL,542
2466,"Mesnil-Saint-Blaise",NULL,542
2467,"Wanlin",NULL,542
2468,"Anthée",NULL,543
2469,"Falaën",NULL,543
2470,"Gerin",NULL,543
2471,"Onhaye",NULL,543
2472,"Serville",NULL,543
2473,"Sommière",NULL,543
2474,"Weillen",NULL,543
2475,"Ave-et-Auffe",NULL,544
2476,"Buissonville",NULL,544
2477,"Eprave",NULL,544
2478,"Han-sur-Lesse",NULL,544
2479,"Jemelle",NULL,544
2480,"Lavaux-Sainte-Anne",NULL,544
2481,"Lessive",NULL,544
2482,"Mont-Gauthier",NULL,544
2483,"Rochefort",NULL,544
2484,"Villers-sur-Lesse",NULL,544
2485,"Wavreille",NULL,544
2486,"Baillonville",NULL,545
2487,"Bonsin",NULL,545
2488,"Heure",NULL,545
2489,"Hogne",NULL,545
2490,"Nettinne",NULL,545
2491,"Noiseux",NULL,545
2492,"Sinsin",NULL,545
2493,"Somme-Leuze",NULL,545
2494,"Waillet",NULL,545
2495,"Alle",NULL,546
2496,"Bagimont",NULL,546
2497,"Bohan",NULL,546
2498,"Chairière",NULL,546
2499,"Laforêt",NULL,546
2500,"Membre",NULL,546
2501,"Mouzaive",NULL,546
2502,"Nafraiture",NULL,546
2503,"Orchimont",NULL,546
2504,"Pussemange",NULL,546
2505,"Sugny",NULL,546
2506,"Vresse-sur-Semois",NULL,546
2507,"Dorinne",NULL,547
2508,"Durnal",NULL,547
2509,"Evrehailles",NULL,547
2510,"Godinne",NULL,547
2511,"Houx",NULL,547
2512,"Mont",NULL,547
2513,"Purnode",NULL,547
2514,"Spontin",NULL,547
2515,"Yvoir",NULL,547
2516,"Andenne",NULL,548
2517,"Bonneville",NULL,548
2518,"Coutisse",NULL,548
2519,"Landenne",NULL,548
2520,"Maizeret",NULL,548
2521,"Namêche",NULL,548
2522,"Sclayn",NULL,548
2523,"Seilles",NULL,548
2524,"Thon",NULL,548
2525,"Vezin",NULL,548
2526,"Assesse",NULL,549
2527,"Courrière",NULL,549
2528,"Crupet",NULL,549
2529,"Florée",NULL,549
2530,"Maillen",NULL,549
2531,"Sart-Bernard",NULL,549
2532,"Sorinne-la-Longue",NULL,549
2533,"Aische-en-Refail",NULL,550
2534,"Bolinne",NULL,550
2535,"Boneffe",NULL,550
2536,"Branchon",NULL,550
2537,"Dhuy",NULL,550
2538,"Eghezée",NULL,550
2539,"Hanret",NULL,550
2540,"Leuze",NULL,550
2541,"Liernu",NULL,550
2542,"Longchamps",NULL,550
2543,"Mehaigne",NULL,550
2544,"Noville-sur-Méhaigne",NULL,550
2545,"Saint-Germain",NULL,550
2546,"Taviers",NULL,550
2547,"Upigny",NULL,550
2548,"Waret-la-Chaussée",NULL,550
2549,"Bierwart",NULL,551
2550,"Cortil-Wodon",NULL,551
2551,"Fernelmont",NULL,551
2552,"Forville",NULL,551
2553,"Franc-Waret",NULL,551
2554,"Hemptinne",NULL,551
2555,"Hingeon",NULL,551
2556,"Marchovelette",NULL,551
2557,"Noville-les-Bois",NULL,551
2558,"Pontillas",NULL,551
2559,"Tillier",NULL,551
2560,"Floreffe",NULL,552
2561,"Floriffoux",NULL,552
2562,"Franière",NULL,552
2563,"Soye",NULL,552
2564,"Aisemont",NULL,553
2565,"Fosses-la-Ville",NULL,553
2566,"Le Roux",NULL,553
2567,"Sart-Eustache",NULL,553
2568,"Sart-Saint-Laurent",NULL,553
2569,"Vitrival",NULL,553
2570,"Beuzet",NULL,554
2571,"Bossière",NULL,554
2572,"Bothey",NULL,554
2573,"Corroy-le-Château",NULL,554
2574,"Ernage",NULL,554
2575,"Gembloux",NULL,554
2576,"Grand-Leez",NULL,554
2577,"Grand-Manil",NULL,554
2578,"Isnes",NULL,554
2579,"Lonzée",NULL,554
2580,"Mazy",NULL,554
2581,"Sauvenière",NULL,554
2582,"Faulx-les-Tombes",NULL,555
2583,"Gesves",NULL,555
2584,"Haltinne",NULL,555
2585,"Mozet",NULL,555
2586,"Sorée",NULL,555
2587,"Balâtre",NULL,556
2588,"Ham-sur-Sambre",NULL,556
2589,"Jemeppe-sur-Sambre",NULL,556
2590,"Mornimont",NULL,556
2591,"Moustier-sur-Sambre",NULL,556
2592,"Onoz",NULL,556
2593,"Saint-Martin",NULL,556
2594,"Spy",NULL,556
2595,"Bovesse",NULL,557
2596,"Emines",NULL,557
2597,"La Bruyère",NULL,557
2598,"Meux",NULL,557
2599,"Rhisnes",NULL,557
2600,"Saint-Denis-Bovesse",NULL,557
2601,"Villers-lez-Heest",NULL,557
2602,"Warisoulx",NULL,557
2603,"Biesme",NULL,558
2604,"Biesmerée",NULL,558
2605,"Ermeton-sur-Biert",NULL,558
2606,"Furnaux",NULL,558
2607,"Graux",NULL,558
2608,"Mettet",NULL,558
2609,"Oret",NULL,558
2610,"Saint-Gérard",NULL,558
2611,"Stave",NULL,558
2612,"Beez",NULL,559
2613,"Belgrade",NULL,559
2614,"Boninne",NULL,559
2615,"Bouge",NULL,559
2616,"Champion",NULL,559
2617,"Cognelée",NULL,559
2618,"Daussoulx",NULL,559
2619,"Dave",NULL,559
2620,"Erpent",NULL,559
2621,"Flawinne",NULL,559
2622,"Gelbressée",NULL,559
2623,"Jambes",NULL,559
2624,"Lives-sur-Meuse",NULL,559
2625,"Loyers",NULL,559
2626,"Malonne",NULL,559
2627,"Marche-les-Dames",NULL,559
2628,"Namur","Namen",559
2629,"Naninne",NULL,559
2630,"Saint-Marc",NULL,559
2631,"Saint-Servais",NULL,559
2632,"Suarlée",NULL,559
2633,"Temploux",NULL,559
2634,"Vedrin",NULL,559
2635,"Wépion",NULL,559
2636,"Wierde",NULL,559
2637,"Evelette",NULL,560
2638,"Goesnes",NULL,560
2639,"Haillot",NULL,560
2640,"Jallet",NULL,560
2641,"Ohey",NULL,560
2642,"Perwez-Haillot",NULL,560
2643,"Arbre",NULL,561
2644,"Bois-de-Villers",NULL,561
2645,"Lesve",NULL,561
2646,"Lustin",NULL,561
2647,"Profondeville",NULL,561
2648,"Rivière",NULL,561
2649,"Arsimont",NULL,562
2650,"Auvelais",NULL,562
2651,"Falisolle",NULL,562
2652,"Keumiée",NULL,562
2653,"Moignelée",NULL,562
2654,"Sambreville",NULL,562
2655,"Tamines",NULL,562
2656,"Velaine-sur-Sambre",NULL,562
2657,"Boignée",NULL,563
2658,"Ligny",NULL,563
2659,"Sombreffe",NULL,563
2660,"Tongrinne",NULL,563
2661,"Cerfontaine",NULL,564
2662,"Daussois",NULL,564
2663,"Senzeille",NULL,564
2664,"Silenrieux",NULL,564
2665,"Soumoy",NULL,564
2666,"Villers-Deux-Eglises",NULL,564
2667,"Aublain",NULL,565
2668,"Boussu-en-Fagne",NULL,565
2669,"Brûly",NULL,565
2670,"Brûly-de-Pesche",NULL,565
2671,"Couvin",NULL,565
2672,"Cul-des-Sarts",NULL,565
2673,"Dailly",NULL,565
2674,"Frasnes",NULL,565
2675,"Gonrieux",NULL,565
2676,"Mariembourg",NULL,565
2677,"Pesche",NULL,565
2678,"Petigny",NULL,565
2679,"Petite-Chapelle",NULL,565
2680,"Presgaux",NULL,565
2681,"Doische",NULL,566
2682,"Gimnée",NULL,566
2683,"Gochenée",NULL,566
2684,"Matagne-la-Grande",NULL,566
2685,"Matagne-la-Petite",NULL,566
2686,"Niverlée",NULL,566
2687,"Romerée",NULL,566
2688,"Soulme",NULL,566
2689,"Vaucelles",NULL,566
2690,"Vodelée",NULL,566
2691,"Corenne",NULL,567
2692,"Flavion",NULL,567
2693,"Florennes",NULL,567
2694,"Hanzinelle",NULL,567
2695,"Hanzinne",NULL,567
2696,"Hemptinne-lez-Florennes",NULL,567
2697,"Morialmé",NULL,567
2698,"Morville",NULL,567
2699,"Rosée",NULL,567
2700,"Saint-Aubin",NULL,567
2701,"Thy-le-Bauduin",NULL,567
2702,"Fagnolle",NULL,568
2703,"Franchimont",NULL,568
2704,"Jamagne",NULL,568
2705,"Jamiolle",NULL,568
2706,"Merlemont",NULL,568
2707,"Neuville",NULL,568
2708,"Omezée",NULL,568
2709,"Philippeville",NULL,568
2710,"Roly",NULL,568
2711,"Romedenne",NULL,568
2712,"Samart",NULL,568
2713,"Sart-en-Fagne",NULL,568
2714,"Sautour",NULL,568
2715,"Surice",NULL,568
2716,"Villers-en-Fagne",NULL,568
2717,"Villers-le-Gambon",NULL,568
2718,"Vodecée",NULL,568
2719,"Dourbes",NULL,569
2720,"Le Mesnil",NULL,569
2721,"Mazée",NULL,569
2722,"Nismes",NULL,569
2723,"Oignies-en-Thiérache",NULL,569
2724,"Olloy-sur-Viroin",NULL,569
2725,"Treignes",NULL,569
2726,"Vierves-sur-Viroin",NULL,569
2727,"Viroinval",NULL,569
2728,"Berzée",NULL,570
2729,"Castillon",NULL,570
2730,"Chastrès",NULL,570
2731,"Clermont",NULL,570
2732,"Fontenelle",NULL,570
2733,"Fraire",NULL,570
2734,"Gourdinne",NULL,570
2735,"Laneffe",NULL,570
2736,"Pry",NULL,570
2737,"Rognée",NULL,570
2738,"Somzée",NULL,570
2739,"Tarcienne",NULL,570
2740,"Thy-le-Château",NULL,570
2741,"Vogenée",NULL,570
2742,"Walcourt",NULL,570
2743,"Yves-Gomezée",NULL,570
2744,"Anderlecht","Anderlecht",571
2745,"Auderghem","Oudergem",572
2746,"Berchem-Sainte-Agathe","Sint-Agatha-Berchem",573
2747,"Bruxelles","Brussel",574
2748,"Haren","Haren",574
2749,"Laeken","Laken",574
2750,"Neder-over-Heembeek","Neder-over-Heembeek",574
2751,"Etterbeek","Etterbeek",575
2752,"Evere","Evere",576
2753,"Forest","Vorst",577
2754,"Ganshoren","Ganshoren",578
2755,"Ixelles","Elsene",579
2756,"Jette","Jette",580
2757,"Koekelberg","Koekelberg",581
2758,"Molenbeek-Saint-Jean","Sint-Jans-Molenbeek",582
2759,"Saint-Gilles","Sint-Gillis",583
2760,"Saint-Josse-ten-Noode","Sint-Joost-ten-Node",584
2761,"Schaerbeek","Schaarbeek",585
2762,"Uccle","Ukkel",586
2763,"Watermael-Boitsfort","Watermaal-Bosvoorde",587
2764,"Woluwe-Saint-Lambert","Sint-Lambrechts-Woluwe",588
2765,"Woluwe-Saint-Pierre","Sint-Pieters-Woluwe",589
